job_role	required_skills	preferred_skills
Sr Human Resource Generalist	employee relations|talent acquisition|performance management|compensation and benefits|employment laws and regulations|analytical skills|employee benefits administration|HR policies and procedures|recruitment strategies|FMLA|ADA|communication|interpersonal skills|collaboration|influence|change management	professional development|payroll processing|job design|salary administration|human capital management system|HR audits and assessments|FLSA|ERISA|EEOC guidelines|confidentiality|intellectual curiosity
Human Resources Manager	Talent Acquisition|Employee Performance Management|Legal Compliance|Payroll Processing|Microsoft Office|Policy Development|Training and Development|Background Checks|Collaboration|Communication	Problem Solving|Leadership|Organizational Skills|Attention to Detail|Adaptability|SHRM-CP Certification
Director of Human Resources	Human Resources Management|Recruitment|Employee Relations|Performance Management|Compliance with Labor Laws|Data Management|Training & Development|Payroll Management|Project Management|Computer Skills|Communication|Team Building	Attention to Detail|Problem Solving|Conflict Management|Leadership|Time Management|Collaboration|Motivation|Adaptability
Chief Human Resources Officer	talent management|organizational development|HR compliance|HR technology systems|data-driven HR analytics|compensation and benefits strategies|strategic HR planning|workforce planning|employee development|performance management|leadership	communication|collaboration|creativity|inclusivity|change management|employee engagement|problem solving
Human Resources Generalist (Hybrid Role)	Microsoft Office|Data analysis|Employee onboarding|Strategic thinking|Problem solving|Time management|Attention to detail|Communication|Customer service|Interpersonal skills|Independence|Change management|Compliance reporting|Performance management|Job description creation|Employee investigations|Conflict negotiation|Confidentiality	HRIS systems|Organizational development
Human Resources Manager	HR management|talent acquisition|labor compliance|employee relations|benefits administration|payroll management|safety procedures|communication|leadership|teamwork|problem solving|organizational skills|attention to detail	flexibility|positive attitude|self-starter|ERP software|Excel|O365 tools|discrepancy resolution|customer relations
Human Resources Generalist	Microsoft Office|communication|attention to detail|professionalism|recruitment|training|onboarding|performance management|HRIS (Ceridian/Dayforce)|benefits administration|knowledge of HR laws	employee relations|time management|teamwork|confidentiality|stress management|initiative|relationship building|collaboration
Human Resources Information System Specialist	ADP HRIS|reporting|data compilation|Excel|technology solutions|compliance knowledge|collaboration|communication|problem solving|recommendation making|attention to detail|self-management	organizational skills|data analysis|HR data metrics|data cleaning|data integration|HRIS configuration|business requirements gathering|workflow development
Human Resources Generalist	recruitment|payroll administration|compliance|human resources management|policy adherence|manufacturing HR experience|interpersonal skills	communication|relationship building|onboarding|employee termination|benefits administration
Human Resources Project Manager	Project Documentation|Communication|Stakeholder Management|Relationship Building|Problem Solving|Team Collaboration|Leadership|Adaptability|HR Project Management|Smartsheets|Creating HR Training Programs|Creating HR Communications|Managing Complex Employee Events|Change Management|Risk Management|Confidentiality	PMP Certification|SHRM-CP Certification
Human Resources Information System Partner III	HRIS Configuration|Data Analysis|Process Improvement|Communication|Collaboration|Problem Solving|Mentoring|Customer Service|Diplomacy	Consulting|UKG Pro|UKG Workforce Management|Business Intelligence|Cognos Reporting|Technical Support
Human Resources Specialist	HR administration|onboarding|policy development|Bachelor's degree|customer service|relationship building|problem solving|communication|self-motivation|teamwork|flexibility	autonomy|job description creation|HR consulting|CRM management|reference checks|background checks|drug screenings|valid driver's license
Human Resources Generalist	HRIS systems|Microsoft Office|data analysis|project management|onboarding|training development|conflict resolution|communication|problem solving|relationship building	organizational skills|critical thinking|independent thinking|attention to detail|employment law|customer service
Human Resources Coordinator	HR systems (SuccessFactors, Workday, SAP)|Workforce planning|Advanced Excel|Internal communication reporting|Analytical skills|Multi-tasking|Collaboration|International teamwork	HR experience|PowerPoint|Budget control|Financial measures|Hiring procedures|Ability to thrive under pressure|Attention to detail|Proactive|Self-motivated|Flexible attitude|Communication|Spanish speaking
Director of Human Resources	Human Resources Management|Employee Relations|Compliance with Labor Laws|MS Office|HRIS Systems|Training and Development|Policy Development|Recruitment Strategies|Data Analysis|Project Management|Communication|Leadership	Organizational Skills|Teamwork|Problem Solving|Confidentiality|Flexibility|Mentoring|Interpersonal Skills|Adaptability
Human Resources Generalist	employee relations|training|employment|benefits management|payroll functions|Microsoft Excel|Microsoft Word|budget management|reporting|pre-employment screening|onboarding|communication|problem solving|detail-oriented|multi-tasking	interpersonal skills|flexibility|teamwork|time management|customer service|compliance|HRIS software|Microsoft Outlook|ISO standards|patience
Human Resources Assistant	Human Resources|Microsoft Office|Organizational Skills|Clerical Skills|Communication|Customer Service|Proactive Problem Solving	Professional Attitude|Team Support|E-Verify System|Bilingual (English/Spanish)
Junior Human Resources Consultant	Microsoft Word|Microsoft PowerPoint|Microsoft Excel|HRIS|Communication|Attention to Detail|Professionalism|Teamwork|Positive Attitude|Adaptability	Pivot Tables|VLOOKUP
Human Resources Business Partner	industrial relations|human resources management|employee relations|project management|data analysis|negotiation|HR operational planning|people development|communication|relationship building|problem solving|collaboration	strategic thinking|leadership|adaptability|influence|empathy|organizational design|compliance|cultural awareness
Human Resources Solutions Manager	data analysis|business acumen|employee engagement strategies|leadership|collaboration|communication|problem solving|strategic agility|time management|adaptability|self-motivation|continuous improvement mindset|agile methodologies|organizational change management|risk analysis	project management
Human Resources Generalist	payroll administration|HR laws and regulations|employee benefits administration|onboarding and offboarding processes|communication|organizational skills|teamwork|discretion	independence|problem solving|compliance auditing|report generation|documentation management|attention to detail
Human Resources Generalist	HRIS|labor laws|policy development|performance management|talent acquisition|onboarding|digital tools|conflict resolution|communication|interpersonal skills|problem solving	organizational skills|change management|team collaboration|relationship building|attention to detail|HCM|HRMS|training program design
Supervisory Human Resources Specialist	Human Resources Management|Employee Training and Development|Human Resource Theories and Principles|Performance Measurement|Data Analysis|Leadership|Communication|Team Management|Problem Solving|Interpersonal Skills|Confidentiality|Collaboration	Adaptability|Decision Making|Compensation and Benefits|Policy Development|Standard Operating Procedures (SOPs)|Budget Preparation|Regulatory Compliance|Strategic Thinking
Human Resources Coordinator - A&F Co.	MS Office|Excel|Data Management|Attention to Detail|Organizational Skills|Communication|Teamwork|Adaptability	Confidentiality|Problem Solving|Self-Motivation|Logistics Coordination|Scheduling
Human Resources Recruiter	human resources|computer proficiency|communication|relationship building|teamwork|problem solving|accountability|commitment|adaptability|recruiting|background checks	interviewing skills|ATS (Applicant Tracking System)|word processing software|spreadsheet software|EEO/AAP legislation|business English|integrity
Human Resources Intern	Microsoft Excel|Microsoft PowerPoint|Microsoft Word|Project Management|Communication|Time Management|Organizational Skills|Critical Thinking	Decision Making|Microsoft Outlook|Social Media Marketing|CRM Management|Confidentiality
Human Resources Manager	Human Resources Management|Recruitment|Employee Relations|HRIS|Payroll Management|Compensation Analysis|Benefits Administration|Training and Development|Microsoft Office|Compliance with Labor Laws|Market Analysis|Leadership|Communication	Problem Solving|Team Building|Collaboration|Conflict Resolution|Adaptability|Interpersonal Skills|Organizational Skills|Strategic Thinking|Workday
Chief Human Resource Officer	HR Management|Employee Relations|Compliance|Talent Acquisition|Training Program Design|Performance Management|Regulatory Compliance|Employee Orientation|Professional Development|Communication|Leadership|Interpersonal Skills|Problem Solving|Time Management|Teamwork|Integrity|Approachability|Adaptability|Professionalism|Attention to Detail|Delegation|Budget Management	HR Policies Development|Compensation Planning|HRIS|Data Analysis|Conflict Resolution|Safety Training|Background Checks|Employee Benefits Administration|Workplace Culture Improvement|Organizational Strategy Development|Payroll Management|HR Audits|Analytical Skills|Negotiation|Conflict Management
Human Resources Assistant	HRIS|Payroll Software|Time Management|Communication Skills|Interpersonal Skills|Problem Solving|Organizational Skills|Self-Motivation|Attention to Detail|Customer Focus	Planning & Organizing|Critical Thinking|Microsoft Office Suite|Analytical Skills|Mathematical Skills|Bilingual (Chinese/Spanish)
Human Resources Generalist	Bachelor's Degree|HRBP Experience|Business Acumen|Workforce/Talent Strategy Development|Organizational Effectiveness|Microsoft Office|Talent Acquisition|Performance Management|Collaboration|Interpersonal Skills|Adaptability|Influencing Senior Leaders|Relationship Building	Communication|HRIS Systems (Workday)|Excel|Pivot Tables|Active Listening|Agility|Empathy|Flexibility
Principal Human Resources Business Partner	Employee Relations|HR Generalist|Talent Management|Compensation|Benefits Administration|Training and Development|Project Management|MS Office Suite|Oracle|Report Preparation|Decision Making|Confidentiality|Communication|Problem Solving|Collaboration	Change Management|Judgment|Adaptability|Leadership|EEO Compliance|PeopleSoft|Coaching|Hybrid Work Management|Cultural Awareness|Diversity and Inclusion Advocacy
Human Resources Business Partner	HR policies|employee relations|performance management|organizational development|compensation practices|recruiting|learning and development|data analysis|communication|collaboration|coaching	problem solving|growth mindset|leadership|strategic thinking|engagement|adaptability|federal employment laws|state employment laws
Human Resources Director	Human Resources Management|Recruitment|Employee Engagement|Performance Management|Team Building|HR Strategy Development|Data Analysis|Agriculture Sector Knowledge|Leadership|Communication|Interpersonal Skills	Collaboration|Problem Solving|Adaptability|Continuous Learning|Professional Development Programs|Sourcing Strategies|Technology Start-up Experience|Cultural Awareness
Human Resources Specialist	HR practices|regulatory compliance|payroll administration|ADP Workforce Now|data management|office management|event coordination|training and development|communication|interpersonal skills|organizational skills	attention to detail|problem-solving|multitasking|confidentiality|adaptability|teamwork|employment laws|budget management
Human Resources Assistant	HR rules and regulations|office clerical work|Microsoft Word|Microsoft Excel|internet applications|email communication|personnel policies|administrative support	communication|collaboration|problem solving|customer service|supervision|attention to detail
Administrative Assistant - Human Resources	computer skills|administrative support|data entry|problem-solving|critical thinking|multi-tasking|communication	teamwork|organization|customer service|confidentiality|Microsoft Suite
Human Resources Manager	human resource management|labor laws|performance management|recruitment|training and development|HR metrics|strategic planning|leadership|communication|interpersonal skills|problem solving	collaboration|impartial judgment|employee relations|adaptability|conflict resolution|payroll processing|negotiation|bilingual
Human Resources Business Partner	employee relations|performance management|talent management|regulatory compliance|payroll administration|data management software|federal and state laws|recruiting|HR metrics tracking|HR best practices|communication|customer service|teamwork|problem solving	analytical skills|attention to detail|leadership|succession planning|compensation administration|change leadership|coaching|mentoring|engagement strategies
Human Resources Generalist	HR compliance|recordkeeping|employee relations|talent acquisition|onboarding|offboarding|MS Office Suite|HR policies interpretation|confidential information management|employment law knowledge|project management|data analysis|communication|customer focus	multitasking|teamwork|flexibility|attention to detail|problem solving|relationship building|presentation skills|positive attitude|discretion
Human Resources Manager	HR strategies|Recruitment|Onboarding|Employee relations|Benefits administration|Legal compliance|Training and development|HR records management|Employment laws|HR certification (SHRM-CP, PHR)	Communication|Interpersonal skills|Collaboration|Problem solving|Diversity and inclusion|Union relations
Human Resources Support Analyst ISA I-D	human resources|microsoft office suite|report writing|administrative tasks|policy development|communication|attention to detail|teamwork|organizational skills|problem solving|time management	adaptability|data analysis|recruitment processes|confidentiality|job analysis|analytics|logical thinking
Human Resources Coordinator | Corpus Christi Bayfront	confidential file management|recruitment|data entry|computer skills|background checks|employee onboarding|time and attendance systems|HR policies compliance|record keeping|communication|organization|flexibility	problem solving|stress management|independence|customer service|teamwork|attention to detail|interpersonal skills|bilingual (English and Spanish)
Sr. Human Resources Specialist for Title IX and Employee Relations	Employee Relations|Federal and State Laws|Policy Development|Documentation Management|Teamwork|Problem Solving|Time Management|Presentation Skills|Collaboration|Title IX Certification	Communication|Confidentiality|Attention to Detail|Investigation Procedures|Microsoft Office Suite
Human Resources Manager - Bilingual (Spanish)	bilingual (Spanish/English)|payroll administration|Microsoft Office (Excel, PowerPoint, Word)|data input|analytics|compliance with HR policies and laws|communication skills|problem-solving|analytical skills|interpersonal skills|customer service orientation|collaboration	organization|positive demeanor|relationship building|HRIS|ATS|learning and development|presentations|creativity
Vice President Human Resources	Human Resources Management|Employee Relations|Bilingual (Spanish/English)|Project Management|Human Capital Management Systems|Microsoft Office|Performance Management|Leadership|Communication|Collaboration|Problem Solving|Time Management|Coaching|Talent Acquisition|Diversity, Equity, Inclusion, and Belonging (DEIB)	California Employment Law|Payroll Systems|Labor Relations|Employee Engagement Surveys|Empathy|Emotional Intelligence|Trust Building|Integrity|Confidentiality|Cultural Awareness
Human Resources Generalist	HR Management|Recruitment|Compliance|Employee Relations|Performance Management|Training and Development|Employment Law|Organizational Development|FMLA|ADA Compliance|Onboarding|Communication|Problem Solving|Teamwork|Adaptability|Interpersonal Skills	Conflict Resolution|Attention to Detail|Organizational Skills|Empathy|Time Management|Labor Relations|Background Checks|Benefits Administration|Safety Training|SHRM-CP Certification
Senior Human Resources Business Partner	human resources|recruitment|compensation|training|data entry|employee relations|communication|problem solving|relationship management|organizational skills|creativity|flexibility|integrity|positive attitude|teamwork|adaptability|discipline|onboarding|employee development|HRIS|legislation knowledge|metrics analysis	organizational development|business acumen|performance management|workplace investigations|change management|exit interviews|job descriptions|SOP establishment|financial analysis|critical thinking|mentoring|leadership|conflict resolution|coaching
Human Resources Generalist	HR principles|HR analytics|performance management|compliance|policy development|Microsoft Office Suite|job analysis|data documentation|report preparation|career pathing|performance evaluation|organizational skills|communication|analytical skills|problem solving|self-starter|relationship building|time management|collaboration	Deltek Vantagepoint|iCIMS
Human Resources Manager	HR strategies|employee relations|compliance|benefit administration|payroll processes|performance management|recruitment and selection|conflict resolution|communication|interpersonal skills	strategic planning|problem solving|employee engagement|teamwork|HR metrics|HR systems|SHRM certification
Human Resources Co-Op - Summer 2024	Recruiting|Onboarding|Employee Relations|Problem Solving|Communication|Interpersonal Skills|Relationship Building|Multi-tasking|Organization|Customer Focused|Ability to Work Under Pressure	Microsoft Office|Organizational Development|Project Management|Compliance|Benefits Administration|Compensation Management|Flexibility|Detail-oriented
Human Resources Manager	employment law|recruiting|retention|HR experience|communication|confidentiality	flexibility|stress management|teamwork|affirmative action
Human Resources Generalist	benefits administration|employee onboarding|recruiting|FMLA|performance management|communication|attention to detail|interpersonal skills|training and development|customer service|problem solving|FLSA|workers' compensation	employment laws|Microsoft Word|Microsoft Excel|Microsoft PowerPoint|COBRA|HIPAA|ERISA|ADA
Human Resources Specialist 1/Trainee 1/2 - HELPS	Human Resources Management|Onboarding|Leave Administration|Data Entry|Bachelor's Degree|Professional Human Resources Experience|Customer Service|Communication|Teamwork	Problem Solving|Attention to Detail|Adaptability|Diversity and Inclusion Awareness|Oracle|LATS (Leave and Time System)
Human Resources Manager	human resources|employee relations|talent acquisition|organizational development|change management|compensation principles|project leadership|government laws and regulations|data analysis|communication|leadership	interpersonal skills|problem solving|collaboration|emotional intelligence|agility|mentoring|prioritization
Senior Human Resources Specialist	Microsoft Word|Microsoft Excel|Microsoft PowerPoint|Customer Service|Attention to Detail|Communication|Interpersonal Skills|Problem Solving|HRIS Systems|Performance Management|Onboarding Processes	Data Analysis|Confidentiality Management|Organization|Time Management|Collaboration|Adaptability|Teamwork
Senior Human Resources Business Partner	employee engagement|performance management|Microsoft Office|talent acquisition|FMLA and ADA compliance|project management|HR policies and procedures|diversity and inclusion initiatives|communication|problem solving|interpersonal skills|team collaboration|organizational skills|adaptability	initiative|integrity|creativity|leadership|HR strategy development|conflict resolution|HR metrics analysis|workforce planning|organizational diagnosis
Fixed-Term Appointment: UN Women Human Resources Business Partner	Recruitment and selection|Benefits administration|HR systems implementation|Data analysis|Training and development|Effective communication|Interpersonal skills|Team leadership|Accountability|HR strategy and policy development|Performance management|Contract management	Workforce planning|Knowledge of UN staff regulations|Stakeholder engagement|Creative problem solving|Cultural sensitivity|Negotiation skills|Change management|Inclusive collaboration
Human Resources Manager	recruiting|HRIS systems|human resources policies|benefits administration|FMLA management|MS Office Suite|critical thinking|problem solving|attention to detail|time management|confidential information management|communication|interpersonal skills|relationship building	conflict management|independent judgment|collaboration|professionalism|ethical standards|applicant tracking systems|Paycom|organizational charts|customer service
Human Resources Coordinator	data entry|MS Office Suite|reporting|recruitment|confidentiality|communication|time management|professionalism	discretion|teamwork|problem solving|HRIS|Smart Sheet|employee onboarding
Human Resources Information System Partner III	HRIS Configuration|Data Analysis|Process Improvement|Communication|Collaboration|Problem Solving|Mentoring|Customer Service|Diplomacy	Consultation|UKG Pro|UKG Workforce Management|Business Intelligence|Cognos Reporting|Technical Support
Human Resources Business Partner	Human Resources|Employee Relations|HRIS|Microsoft Office (Excel, PowerPoint, Word)|Analytical Skills|Talent Acquisition|Compliance with Labor Laws|Communication|Coaching|Organizational Skills	Multi-tasking|Problem Solving|Teamwork|Adaptability|Project Management|Investigative Skills|Commitment to Safety
Human Resources Generalist	recruitment|onboarding|payroll administration|benefits administration|compliance|human resources management	policy adherence|interpersonal skills|communication|relationship building
Human Resources Summer 2024 Internship	Microsoft Office|HR databases|Compliance knowledge|Data analysis|Event planning|Communication	Problem-solving|Interpersonal skills|Planning/Organizing|Quality control
Human Resources Operations Coordinator	Microsoft Office|Benefits Administration|Compliance Management|Recruiting|Onboarding|Process Improvement|Communication|Problem Solving	Attention to Detail|Organization|Time Management|HRIS (Paycom)|Data Reporting|Offboarding
Human Resources Associate	data entry|Microsoft Word|Microsoft Excel|HR management system|benefit enrollment processing|employee file management|clerical duties|customer service|bilingual (English/Spanish)|communication|organization|time management|problem solving|presentation skills	initiative|professionalism|confidentiality|dependability|adaptability|Microsoft PowerPoint|invoice reconciliation|office supply procurement|Cobra packet preparation
Human Resources Manager	human resources management|employment law compliance|talent acquisition|data analysis|performance management|benefits administration|communication|interpersonal skills|critical thinking|teamwork|problem solving|creativity	adaptability|organizational skills|customer service orientation|training program design|project management|strategic planning|change management|influence
Human Resources Manager	recruiting|talent management|compliance|employee engagement programs|conflict resolution|human resources policies|performance management|employment law|training and development|benefits administration|investigations|communication|interpersonal skills|integrity|professionalism|time management|problem solving|team collaboration|adaptability|confidentiality|leadership	relationship building|critical thinking|empathy|creativity|payroll administration|timekeeping|data management|applicant tracking systems|negotiation|occupational health and safety|interviewing|sourcing|screening|budget management
Human Resources Intern	administrative support|recruitment|onboarding|record maintenance|filing|document archiving|HR processes|talent management|talent acquisition|people operations	interest in HR|eagerness to learn|communication|teamwork|attention to detail|time management
Senior Human Resources Generalist	HR Compliance|Recruitment|Talent Development|Employee Relations|Compensation Management|Onboarding|Communication Skills|Interpersonal Skills|Conflict Resolution|Listening Skills|Sense of Urgency|Prioritization|Team Collaboration	Adaptability|Program Management|International HR Operations|Project Management|Bachelor's Degree in HR or related field|PHR/SPHR Certification|SHRM-CP/SHRM-SCP Certification|Cultural Sensitivity
Human Resources Business Partner	HR management|employee relations|performance management|data analysis|HRIS systems|legal compliance|Microsoft Office|project management|coaching and mentoring|communication|problem solving|collaboration	strategic thinking|results-oriented|adaptability|creativity|engagement|initiative|teamwork|bilingual in Spanish
Human Resources Assistant	human resources administration|recruiting|Microsoft Office|clerical functions|office administration|independent judgment|communication|teamwork|problem solving|attention to detail	customer service|payroll administration|employee benefits|compliance|performance management|JD Edwards|Kronos
Human Resources Business Partner	HR experience|data analysis|talent management|process improvement|communication|problem solving|team building|collaboration|self-motivation|organizational skills	attention to detail|multi-tasking|compensation management|change management|employment law knowledge|human capital strategy development|negotiation
Vice President Human Resources	Human Resources Management|Conflict Resolution|Problem Solving|Employee Relations|Organizational Design|HR Legal Compliance|Microsoft Office Suite|HRIS and Talent Management Systems|Payroll Management|Employee Benefits Administration|Training and Development|Performance Appraisal Programs|Recruiting and Placement Practices|Leadership|Interpersonal Skills	Communication|Adaptability|Teamwork|Initiative|Creativity|Work Ethic|Accountability|Curiosity|Diversity, Equity, and Inclusion (DEI) Initiatives|Bilingual (English/Spanish)
Human Resources Intern	team management|communication|teamwork|problem solving|initiative|adaptability	recruiting|resume screening|social media promotion|video communication
Human Resources Director	HR Management|Employee Relations|HR Reporting and Analytics|HRIS Management|Payroll Processing|Compensation Management|Benefits Administration|Policy Development|Compliance Management|Performance Management|Project Management|Microsoft Excel|Employee Engagement Strategies|Organizational Development|Conflict Resolution|Coaching and Development|Employee Satisfaction Surveys|Communication|Relationship Management	Leadership|Problem Solving|Collaboration|Trustworthiness|Innovation|Adaptability|Confidentiality|Diversity, Equity, Inclusion Programs|Change Management|Workers' Compensation Management|HR Technology Implementation|Curiosity
Human Resources Representative	Onboarding|Interview Coordination|Data Entry|Communication|Multi-tasking|Problem Solving|Teamwork|Attention to Detail|Adaptability|HRIS	Kronos|SAP|Offboarding|Human Resources Certification|Project Management|Customer Service
Human Resources Business Partner	human resources|organizational development|data analysis|conflict resolution|employee relations|regulatory compliance|HRIS|MS Office|team dynamics|communication|leadership|strategic thinking|relationship building	coaching|problem solving|mentoring|adaptability|collaboration|change management|mediation|investigation|cultural awareness
Human Resource Manager	human resource management|employee benefits administration|recruitment|Microsoft Office Suite|strategic planning|analytical thinking|compliance management|onboarding processes|communication|problem solving	critical thinking|innovative thinking|team leadership|interpersonal skills|employment law|payroll processing
Human Resources Generalist	payroll|HRIS systems|compliance|data analysis|Microsoft Office|record keeping|communication|attention to detail|confidentiality|problem solving	teamwork|customer service|adaptability|HR certifications|vendor management|employment laws|real estate experience
Senior Human Resources Manager	human resources management|employee relations|recruitment|training and development|compensation management|HR information systems|workforce planning|policy development|compliance|performance appraisal|communication|leadership|problem solving	teamwork|consultation|insight|adaptability|benefit administration|strategic counseling|community relations|diversity awareness
District Human Resources Manager (Pensacola)	human resources|Microsoft Excel|Microsoft PowerPoint|onboarding|talent management|training|communication|collaboration|coaching|problem solving|relationship building|adaptability|employment law|HRIS systems	Microsoft Word|data analysis|recruiting|compliance|performance management|succession planning|integrity|leadership|engagement|analytical thinking
Human Resources Generalist	HR management|compensation administration|benefits administration|payroll processing|personnel file management|change management|project management	employee onboarding|vendor management|strategic thinking|HR systems|organizational learning|communication|decision-making|interpersonal skills|leadership|results-oriented|Microsoft Office Suite|Microsoft 365
Human Resources Manager	HR management|compliance knowledge|HRIS proficiency|payroll systems|Microsoft Office Suite|policy development|employee training|performance appraisal systems|analytical skills|communication|interpersonal skills|negotiation	conflict resolution|organizational skills|time management|integrity|leadership|problem solving|confidentiality|talent management systems
Human Resources Specialist	payroll processing|data entry|Microsoft Office|building maintenance|communication|problem solving|attention to detail|teamwork|time management|401(K) management|benefits design|background checks	health insurance enrollment|Windows operating system|accounting software|I-9 verification|supply ordering|proactive approach|ethical standards|adaptability
Human Resources Generalist	employee relations|payroll|benefits administration|compliance|human resources programs|bachelor's degree in HR or related field|relationship building|communication	problem solving|teamwork|adaptability|legal knowledge|leave policies implementation|manufacturing HR experience
Sr. Area Human Resource Manager	HR Management|Employee Relations|Federal Employment Laws|Microsoft Office Suite|Onboarding|Communication|Attention to Detail|Problem Solving|Teamwork|Customer Focus|Leadership|Work Ethic|Adaptability	Conflict Resolution|Recruiting|Analytical Skills|Applicant Tracking Systems|Performance Management|Compensation Administration|Benefits Administration|Data Interpretation|Time Management
Human Resources Assistant	attention to detail|technology proficiency|document preparation|scheduling meetings|file organization|professional communication|collaboration|time management|confidentiality|prioritization	problem solving|data entry|SharePoint|Paycom|ATS systems|auditing data|Spanish language proficiency
Human Resources Administrator	employee database management|attendance record maintenance|policy formulation|job posting|candidate shortlisting|interview scheduling|training session coordination	interpersonal skills|communication skills|critical thinking|problem solving|orientation coordination
Human Resources Coordinator	data management|administrative duties|analytical skills|record keeping|multitasking|time management|communication|problem solving|positive attitude|service-oriented|HRIS systems	spreadsheets|databases|Workday HR software
Human Resources Manager	Knowledge of employment-related laws|HR Information System analysis|Interpersonal skills|Conflict resolution|Integrity|Professionalism|Discretion|Ability to learn quickly	SHRM-CP|SHRM-SCP|Bachelor's degree in HR or related field|Master's degree in HR or related field|Spanish fluency
Chief Human Resource Officer	Human Resources Management|Compensation and Benefits Planning|Talent Acquisition|Training and Development|Strategic Planning|Policy Development|Leadership|Communication|Problem Solving|Conflict Management	Teamwork|Decision-Making|Employment Law|Succession Planning|Ethical Standards|Visionary Thinking
Executive Director of Human Resources, Spaulding Rehabilitation Hospital	HR Management|Talent Strategy|Change Management|Workforce Planning|Employee Relations|Recruitment and Retention|Compensation and Benefits|HRIS|Leadership Development|Organizational Development|Data Analysis|Performance Management|Operational Transformation|Collaboration|Communication|Problem Solving	Leadership|Strategic Thinking|Interpersonal Skills|Conflict Resolution|Adaptability|Coaching|Feedback Reception|Diversity and Inclusion|Strategic HRBP Model|Human Capital Planning
Human Resources Coordinator	Microsoft Office|communication|interpersonal skills|time management|teamwork|attention to detail|problem solving|bilingual skills|HRIS|ATS	Canva|Paylocity|Plansource|employment laws|flexibility|trustworthiness
Human Resources Generalist	human resources administration|recruitment|employee engagement|compensation management|benefits administration|Microsoft Office Suite|data compliance|communication|problem solving|conflict management|proactive approach	multitasking|teamwork|calm under pressure|ownership and drive|safety training|accident investigation|bilingual communication
Human Resources Coordinator	employee onboarding|record keeping|HR software|data protection compliance|administrative tasks|recruitment coordination|performance evaluations|HR policies|communication|attention to detail	adaptability|proactivity|collaboration|interpersonal skills|problem solving|ethical integrity
Vice President Human Resources	strategic direction|recruitment|compensation|employee benefits|employee relations|payroll|process improvements|HR technology|communication|innovation|problem solving|people-first mindset	engagement|collaboration|employee health|leadership development|compliance|ADP Workforce Now|data analysis|leadership
Human Resources Generalist	HR principles|recruitment|employee relations|HR policies and compliance|training and development|HR data management|communication|interpersonal skills|organizational skills|time management	discretion|problem solving|collaboration|performance management|benefits administration|HR certification
Director of Human Resources	HR policies|payroll|employee relations|performance management|compensation and benefits|talent acquisition|HRIS systems|Microsoft Office Suite|organizational design|communication|problem-solving|interpersonal skills|integrity|professionalism	autonomy|resilience|adaptability|trustworthiness|HR infrastructure|compliance|mergers and acquisitions|workforce planning|employee engagement
Human Resources Manager	human resources management|employment law|talent acquisition|Microsoft Office Suite|HRIS|data analysis|performance evaluation|conflict resolution|training and development|recruitment|benefits administration|communication|interpersonal skills	organizational skills|problem solving|integrity|professionalism|attention to detail|negotiation|delegation|confidentiality
Human Resources Director	talent acquisition|employee relations|compliance with employment laws|training and development|HRIS management|payroll administration|data reporting|HR policies development|coaching and mentorship|leadership|communication|interpersonal skills|collaboration|problem solving	relationship building|adaptability|continuous learning|HR strategy development|performance management|diversity and inclusion initiatives|stakeholder management|strategic thinking|influence
Intern, Talent Management, Human Resources	Microsoft Office Suite|Performance Management|Project Coordination|Documentation|Training Administration|Collaboration|Communication|Problem Solving	Dependability|Relationship Building|Adaptability|Eagerness to Learn|Data Analysis|SharePoint
Human Resources Generalist	recruiting|employee benefits administration|conflict resolution|HR policies and procedures development|payroll processing|HR reporting and analytics|training and development coordination|communication|interpersonal skills	integrity|team collaboration|problem solving|HRIS (Workday)|MS Office Suite|compliance with labor laws
Senior Human Resources Business Partner	HR Management|Employee Relations|Conflict Management|Talent Development|HR Analytics|Federal and State Employment Laws|Project Management|PowerPoint|Excel|Presentation Skills|Interviewing and Assessment|Workforce Development|Culture Alignment|Communication|Teamwork|Analytical Skills	Decision-Making|Organizational Skills|Independence|Multi-tasking|Work Ethic|People Skills|Relationship Building|Adaptability|Confidentiality|M&A Experience|SmartSheet
Human Resources Director	human resources management|employee relations|benefits administration|compliance|performance management|training and development|payroll systems|Microsoft Office|data analysis|employment law knowledge|communication|teamwork|initiative|confidentiality	attention to detail|problem solving|interpersonal skills|independence|leadership|adaptability|HR policy development|background check process|job description maintenance
Human Resources Director	Employee Relations|Performance Management|Communication|Teamwork|Conflict Resolution|Coaching|Problem Solving|Leadership|HRIS Systems	Recruitment Strategies|Compliance with Labor Laws|Benefits Administration|Job Grading Process|Data Analysis|Empathy
Human Resources Lead	data analysis|strategic planning|mentoring|communication|leadership|problem-solving|adaptability|teamwork|self-starter|empathy|motivation|strategic thinking|HR policies|employee onboarding|performance management|employee relations|HRIS (HiBob)	benefits administration|payroll management|compliance|budgeting|risk management|diversity and inclusion initiatives|staffing strategies|employee engagement surveys|entrepreneurial mindset|active listening|cultural ambassador
Human Resources Administrative Assistant	administrative skills|HR processes|computer proficiency|onboarding|communication|teamwork|problem solving|flexibility|organizational skills	interpersonal skills|payroll administration|OSHA reporting|leave administration|employee engagement programs|coaching
Human Resources Coordinator	HR administration|background checks|payroll processing|employee file management|job posting|safety program administration|computer proficiency|confidential information handling|certifications (SHRM, PHR)|customer service|communication|prioritization	initiative|dependability|attention to detail|teamwork|self-starter|leave of absence processing|LMS management|advanced Excel
[HYBRID] Human Resources Manager	HR Management|Recruitment|Onboarding|Employee Relations|Benefits Administration|Leadership|Communication|Multi-tasking|Problem Solving|Relationship Building|Adaptability|Teamwork|Training and Development	Performance Management|Policy Development|Compliance|HR Technology Platforms|SHRM Principles|Diversity and Inclusion|Healthcare Credentialing|Cultural Awareness
Vice President of Human Resources (R1881)	Excel|Microsoft Office|Analytical Skills|Recruiting|Employee Relations|Performance Management|Organizational Development|Leadership|Communication|Teamwork|Critical Thinking|Project Management|Customer Focus	Managing Others|Change Management|Relationship Building|HRIS|Workday|Data Management|Compensation Planning|Diversity and Inclusion|Coaching
Human Resources Specialist	HRIS|Microsoft Suite|Compensation Administration|Performance Appraisal|EEO Reporting|Affirmative Action Plan (AAP)|Pre-employment Testing|Payroll Processing|Data Analysis	Communication|Critical Evaluation|Relationship Management|Ethical Practice|Innovative Thinking|SHRM-CP or SHRM-SCP Certification
Director, Human Resources	Human Resources Management|Project Management|Talent Acquisition|Employee Relations|Data Analysis|Regulatory Compliance|Performance Management|Process Improvement|Coaching and Consulting|Presentation Skills|Microsoft Office Suite|Diversity and Inclusion|Talent Development|Strategic Planning|Problem Solving|Communication Skills|Change Management|HRIS Systems|Compensation and Benefits|Organizational Design|Leadership	Influencing|Teamwork|Adaptability|Initiative|Detail-oriented|Self-motivation|Conflict Resolution|Creativity|Consultative Partnering|Engagement Strategies|Organizational Effectiveness|Communication|Analytical Thinking|Interpersonal Skills
Human Resources Director	employee relations|HR strategies|employment law|HR sourcing|interviewing|training development|human capital management|process improvement|workers compensation|dispute investigation|problem solving	communication|decision making|relationship building|conflict resolution|empathy|motivation|engagement
Human Resources Coordinator	Microsoft Office Suite|data analysis|background investigation|employee relations|bilingual (English and Spanish)|communication|organizational skills|problem-solving|decision-making|teamwork|adaptability	attention to detail|initiative|follow-up skills|HRIS software|payroll processing|recruiting strategy|timekeeping systems|self-motivation
Human Resources & Administrative Associate	local recruiting|office management|MS Office|clerical tasks|time management|multi-tasking|communication|interpersonal skills	customer service|budget management|cash flow projection|compliance|event planning|travel planning
Human Resources Generalist	Talent Management Systems|Microsoft Office|Excel|Employee Relations|Communication|Relationship Building|Problem Solving|Adaptability	Teamwork|HRIS|Wage Review|ESOP Distribution|Regulatory Knowledge|Trust Building
Human Resources Manager	Human Resources Management|Recruiting|Onboarding|HRIS Management|Employee Benefits Administration|Compliance Knowledge (EEO, ADA, FMLA)|Workers Compensation Management|Internal Investigations|Microsoft Office Suite|Time Management	Confidentiality|Leadership|Multi-tasking|Communication|Organizational Skills|Problem Solving
Senior Vice President Human Resources	training and development|leadership|communication|collaboration|problem solving|strategic planning|talent management|employee engagement|organizational management|performance management	compensation management|employment law|labor law|HR certifications (SHRM-CP, SHRM-SCP)|strategic advising|change management|agility
Human Resources Generalist	HRIS|Microsoft Office Suite|Employment Law Knowledge|Recruitment|Interviewing|Compliance Management|Conflict Resolution|Training and Development|Performance Management|Communication|Interpersonal Skills|Organizational Skills	Integrity|Problem Solving|Negotiation|Confidentiality|Delegation|Data Analysis|Time Management|Attention to Detail
Manager, Human Resources	Human Resources Management|Recruitment|Onboarding|Performance Evaluations|Compensation Analysis|HRIS (UKG)|Employment Laws|Organizational Skills|Mentorship Program Development|Leadership|Communication|Judgment|Trustworthiness	Cooperation|Problem Solving|Self-Directed|Diplomacy|Positive Attitude|Collaboration|Talent Management Systems|Microsoft Office
Human Resource Generalist	MS Office Suite|Workday|ADP or similar payroll system|recruitment|onboarding|employee relations|benefits administration|data analysis|communication|interpersonal skills|teamwork|problem solving|initiative|resourcefulness|results orientation|listening skills|adaptability	leadership development|employment law|legal compliance|safety guidelines|FMLA|ADA|FLSA|OSHA|confidentiality|flexibility|consultative approach
Strategic Global Human Resource Business Partner	Human Resource Management|Project Management|Compensation and Benefits|Employee Relations|Recruitment|Performance Management|Policy Development|Labor Laws Compliance|HR Information Systems|Training and Development|Data Analysis|Negotiation|Communication|Problem Solving	Teamwork|Interpersonal Skills|Adaptability|Leadership|Cultural Awareness|Conflict Resolution|Strategic Thinking|Customer Service Orientation|International HR Management
Human Resources Administrator	employment law|payroll processing|compliance tracking|documentation|interpersonal skills|analytical skills|problem solving|background checks|performance management|safety training|anti-harassment training|delegation	human resources|Microsoft Office Suite|HRIS|communication|conflict resolution|organizational skills|time management|integrity|professionalism|confidentiality|attention to detail|talent management systems|negotiation
Human Resources Advisor	Communication|Teamwork|Conflict Resolution|Problem Solving|Organizational Skills|Adaptability|MS Office|MS Excel	SuccessFactors|HRIS|Human Resources Certification (PHR, SHRM-CP)|Data Analysis|Job Evaluation Process
Human Resources Manager	Labor Relations|Human Resources Management Systems|Microsoft Office|Bilingual (English/French/Spanish)|Onboarding Processes|Data Analysis|Leadership|Communication|Problem Solving|Teamwork|Organizational Skills|Coaching	Relationship Building|Self-Motivation|Attention to Detail|US Employment Law|Talent Management Systems|Project Management|Succession Planning|Change Management
Human Resources Manager	HR strategies|employee lifecycle management|recruitment|performance management|employee relations|compliance|HR best practices|problem-solving|decision-making|project management|communication	interpersonal skills|leadership|relationship building|influencing stakeholders|collaboration|adaptability|time management|global HR experience
VP of Human Resources Americas	talent management|employee relations|compensation and benefits|HR strategies|talent acquisition|performance management|automation|strategic guidance|leadership|business partnership|communication	negotiation|problem solving|team management|adaptability|compliance|succession planning|AI implementation
Director of Human Resources	Human Resources Management|Employee Relations|Talent Development|Confidentiality|Hospitality Industry Experience|Communication Skills|Interpersonal Skills|Organizational Skills|Problem-Solving Skills|Leadership	HR Policies and Best Practices|Performance Management|Labor and Employment Law|Relevant HR Certifications|Bachelor's Degree in HR or Related Field|Cultural Championing
Human Resources Business Partner	HRIS|MS Office Suite|Employee Relations|Talent Acquisition|Learning and Development|Data Analysis|Employment Law Compliance|Coaching|Collaboration|Communication|Problem Solving	Adaptability|Leadership|Analytical Thinking|Interpersonal Skills|Conflict Resolution|Compensation Analysis|Strategic Planning
Human Resources Generalist	human resources management|employee relations|recruitment|training|data analysis|budget management|report writing|communication|relationship building|problem solving|teamwork|analytical thinking|leadership|adaptability	organizational skills|compliance|performance management|HRIS (Lawson, Kronos, SharePoint)|Microsoft Word|Microsoft Excel|Microsoft Access|Microsoft Outlook|conflict resolution
Human Resources Workforce Support Specialist	Human Resources|Employee Relations|Policy Navigation|Performance Management|Bachelor's Degree|Communication|Collaboration|Problem Solving|Relationship Building|Time Management|Adaptability	Coaching|Customer Service|Digital Case Management|Data Analysis|Conflict Management|Servicenow|Report Writing|Research Skills
Human Resources Generalist	data analysis|employee relations|talent acquisition|performance management|Microsoft Office|SAP|HR compliance|report generation|communication|interpersonal skills|organizational skills|confidentiality	collaboration|problem-solving|attention to detail|HRIS systems|training facilitation|self-motivation|facilitation|client support orientation
Senior Human Resources Clerk	HR clerical processes|employee benefits administration|payroll practices|data compilation and reporting|recordkeeping practices|office practices and procedures|interpretation of HR policies|training and advising|typing (45 WPM)|complex rules and regulations|leadership|communication	independence|problem solving|teamwork|organizational skills|coaching|customer service|attention to detail|adaptability
Human Resources Generalist	HR processes|employment law|MS Office|HRIS systems|background checks|recruitment|onboarding|documentation management|communication|collaboration|organizational skills|attention to detail|time management	problem solving|adaptability|confidentiality|professionalism|sound judgment|ATS software|I-9 forms|E-Verify
Human Resources Coordinator	HRIS|compliance|reporting|record keeping|recruitment|employee onboarding|data compilation|health and welfare plans administration|knowledge of employment laws|problem solving|communication	interpersonal skills|integrity|confidentiality|self-starter|initiative|organization|attention to detail|teamwork
Human Resources Specialist	HR principles|recruitment|employee relations|performance management|onboarding|compliance|Microsoft Office|communication|interpersonal skills	problem solving|adaptability|teamwork|Google Suite|HRIS platforms|creativity
Senior Human Resources Generalist	recruiting|talent acquisition|Microsoft Office Suite|employee relations|performance evaluations|employee training and development|communication|interpersonal skills|problem solving|attention to detail|customer service	teamwork|sound judgment|HCM systems|recruitment software|compliance|process-driven|independence
Temporary Human Resources Business Partner (HRBP)	Talent Management|Performance Management|Leadership Development|Succession Planning|Talent Acquisition|Employee Relations|HR Compliance|Employment Law|Program Management|Communication|Relationship Building|Strategic Thinking|Problem Solving|Collaboration	Adaptability|Organizational Design|Diversity, Equity, and Inclusion (DEI)|Facilitation Skills|HR Metrics Analysis|Influencing Skills|Trust Building|Mentoring|Listening Skills
Human Resources/Business Office Manager	human resources management|employee relations|compliance|training and development|payroll administration|benefits administration|HR information systems|data analysis|conflict resolution|regulatory compliance|communication|leadership|teamwork|problem solving|coaching|adaptability	organizational skills|interpersonal skills|attention to detail|recruitment|performance management|financial management|policy development|billing and collections|employee engagement|negotiation
Human Resources Manager	HR Generalist|Recruiting|Employee Relations|Grievance Procedures|Training Strategy|Bachelor’s Degree in Human Resources|Communication|Relationship Building|Problem Solving|Collaboration|Consultation|Leadership|Adaptability	Conflict Resolution|Union Management|Labor Relations|HR Law|Negotiations|HR Metrics Analysis|Diversity Strategy Implementation|Certification in Professional Human Resources (PHR)
Human Resources Coordinator (Entry Level)	Microsoft Word|Excel|Publisher|HR Administration|Onboarding Assistance|Interpersonal Skills|Leadership|Organization|Creativity|Empathy	Time Management|Communication|Professional Presentation|Customer Service|PowerPoint|Bilingual (English and Spanish)
Human Resources Coordinator - Hilton Fort Lauderdale Beach Resort	human resources|administrative support|data entry|word processing|typing|emailing|filing|copying|travel arrangements|empathy|communication|teamwork	adaptability|dependability|customer focus|leadership|ownership|quality productivity|attention to detail|faxing
Human Resources Business Partner	human resources expertise|employee relations|data analysis|excel|problem solving|communication|business acumen|consultative skills|performance management|talent management|workday|compliance with laws and regulations	interpersonal awareness|partnership building|coaching|change management|curiosity|learning agility|influencing|cultural awareness
Human Resources Assistant	Microsoft Word|Microsoft Excel|Background Checks|Employee Onboarding|Data Accuracy|Verbal Communication|Written Communication	Attention to Detail|Customer Service|Interpersonal Skills|Time Management|Independent Work
Human Resources Administrator	HRIS (HR Information Systems)|Recruiting|Google Suite|Project Management|Analytical Skills|Policy Development|Employee Engagement Programs|Communication|Interpersonal Skills|Professionalism|Adaptability	Decision-Making|Problem-Solving|Attention to Detail|Time Management|Teamwork|Onboarding|Documentation Management
Human Resources Business Partner	HR practices|talent acquisition|compensation and benefits|employee relations|HR policy development|data analysis|U.S. employment laws|recruiting tools|benefits plans design|performance metrics|communication|interpersonal skills	problem solving|adaptability|teamwork|strategic thinking|conflict resolution|leadership|organizational skills|employee engagement
Human Resource Lead	on-boarding|benefits administration|employee relations|payroll processing|HR compliance|computer proficiency|communication|team leadership|confidentiality|problem solving|attention to detail	interpersonal skills|recruitment|performance appraisal|data accuracy|scheduling|cash handling|sales audit|time management
Human Resources Specialist	full-cycle recruiting|compensation and benefits packages|interpersonal skills|verbal communication|time management|problem-solving|teamwork|HRIS|Google Suite|employment law|OSHA regulations	data analysis|report generation|training program facilitation|job safety analysis|confidentiality|written communication|prioritization
Human Resources Generalist	Human Resources Management|Employee Relations|Recruitment|Payroll Processing|Employment Law|MS Office Suite|Data Management|Compensation Analysis|Training Development|Conflict Resolution|OSHA Regulations|Communication|Integrity	Organizational Skills|Problem Solving|Collaboration|Adaptability|Self-Starter|Confidentiality|Leadership|Cultural Awareness
Human Resource Generalist	payroll|benefits administration|HRIS|employment law|analytical skills|problem-solving|compliance|training management|data entry|communication|interpersonal skills	negotiation|conflict resolution|integrity|teamwork|attention to detail|willingness to learn|ERISA regulations
Human Resources Business Partner	Communication|Interpersonal Skills|Relationship Building|Collaboration|Strategic Thinking|Problem Solving|HR Project Management|Employee Relations|Talent Management|Compliance	Policy Development|Workforce Planning|Employment Laws|SHRM-CP Certification|SHRM-SCP Certification|Influencing
Human Resources and General Affairs Manager	Human Resources Management|Employee Relations|Compensation and Benefits Administration|Performance Management Systems|Recruiting and Hiring Practices|Employment Law Compliance|HRIS and Talent Management Systems|Microsoft Office Suite|Organizational Development|Analytical Skills|Communication Skills|Interpersonal Skills	Negotiation Skills|Conflict Resolution Skills|Organizational Skills|Problem Solving|Integrity and Professionalism|Attention to Detail|Prioritization and Delegation|Leadership
Human Resources Director	HR management|employee relations|HR reporting and analytics|HRIS management|payroll processing|compliance|policy development|compensation analysis|benefits administration|project management|conflict resolution|Microsoft Excel|open enrollment management|communication|relationship management|problem solving|adaptability|confidentiality|time management|organizational skills|performance management|change management|diversity, equity, and inclusion (DEI) programs|employee engagement strategies|workforce retention strategies|workers' compensation management	advanced HR technology implementation|organizational development|employee satisfaction surveys|rewards and recognition programs|HR certification (PHR, SPHR, SHRM-CP, SHRM-SCP)|leadership|team management|collaboration|innovation|trustworthiness|curiosity|coaching and mentoring|strategic thinking|empathy|facilitation skills|negotiation|motivation
Human Resources Manager	Human Resource Management|Employee Relations|Policy Development|Payroll (ADP)|Compensation Programs|Time Management|Problem Solving|Interpersonal Skills|Communication|Organizational Skills|ISO 14001|Safety Management	Microsoft Word|Microsoft Excel|Microsoft PowerPoint|SAP|Research Skills|Ethical Behavior|Confidentiality|Flexibility
Human Resources Business Partner	HRIS|Microsoft Office Suite|Employee Relations|Onboarding|Offboarding|Workplace Investigations|Benefits Administration|Data Analysis|Project Coordination|Compliance Knowledge|Communication|Interpersonal Skills|Problem Solving	Attention to Detail|Organization|Relationship Building|Adaptability|Customer Service|Teamwork|Confidentiality|UKG HR System
Human Resources Business Partner (HRBP)	recruitment|onboarding|compliance with labor laws|benefits administration|HR principles and practices|communication|interpersonal skills|problem-solving|decision-making|collaboration|relationship building|employee engagement|HR analytics	workforce planning|offboarding|change management|organizational development|payroll management|data-driven decision making|multitasking|approachability|fairness
Human Resources Generalist	recruitment|HR policies and procedures|employee relations|performance management|HRIS|training and development|employment laws|Microsoft Office Suite|data analysis|job analysis|HR metrics|employee benefits programs|communication	problem solving|interpersonal skills|initiative|creativity|teamwork|conflict resolution|adaptability|presentation skills
AOC Human Resources Project Manager	project management|human resources administration|performance management|recruitment|interviewing techniques|records management|employment law|classification and compensation|employee relations|mediation|conflict resolution|audit procedures|training techniques|investigative procedures|communication|teamwork	problem solving|organizational skills|analytical skills|leadership|interpersonal skills|adaptability|attention to detail|time management|statistical data collection|budget processes
Human Resources Generalist	recruitment|onboarding|benefits administration|compliance|human resources management|policy adherence	interpersonal skills|communication|relationship building|payroll administration
Senior Human Resources Generalist - Oklahoma City, OK	Benefits Administration|Microsoft Office|Bilingual (English/Spanish)|Communication|Teamwork|Problem Solving|Organizational Skills|Counseling and Guidance	Onboarding|HRIS Administration|Compensation Management|Payroll Management|Union Management|Performance Management
Senior Human Resources Manager	human resources management|employee relations|compensation & benefits|talent management|training development|recruiting|labor law|Microsoft Office Suite|interpersonal skills|negotiation skills|communication	relationship building|strategic thinking|coaching|team leadership|risk management|change management|Spanish fluency
Regional Human Resources Generalist	employee relations|data analysis|compliance|recruiting strategies|performance management|operational execution|communication|teamwork|problem solving|interpersonal skills	planning and prioritization|customer focus|leadership|flexibility|HR certification|multi-unit leadership
Human Resources Analyst	Microsoft Office (Word, Excel, Outlook, PowerPoint)|HR Policies/Procedures|Communication|Organizational Skills|Independence|Prioritization|Multi-tasking|Time Management|Tact and Diplomacy	Global Payroll Experience|Global HR Experience|OnBase|Confidentiality|Detail-oriented|Customer Service|Analytical Skills|Visio|Oracle|Workforce Now|Adobe Acrobat
Human Resources Manager	HR operations|compensation management|recruitment|employee relations|safety protocols|training and development|HR laws knowledge|HRIS|communication|empathy|organizational skills|initiative	attention to detail|judgment|teamwork|problem solving|interviewing skills|MS Office|data analysis|bilingual (Spanish)
Human Resources Generalist	employee relations|recruitment|HR generalist duties|screening|interpersonal skills|communication|problem solving|creativity|approachability	relationship building|adaptability|confidentiality|data analysis|bilingual (Spanish)|job postings
Senior Human Resources Business Partner	Talent management|Performance management|Employee relations|Recruiting|Data analysis|Cloud-based HR software|Communication|Conflict resolution|Relationship building|Problem solving|Team collaboration|HR strategy development	Organizational design|Change management|HR certifications (PHR, SHRM-CP)|Consultative style|Executive presence|Adaptability|Cultural awareness|Coaching
Senior Human Resources Assistant	MS Office|Payroll Processing|Recruitment Coordination|HR Software|Documentation Management|Leave Administration|Medical Insurance Coordination|Report Generation|Communication|Teamwork|Attention to Detail|Problem Solving	Client Orientation|Conflict Resolution|Time Management|Empathy|Adaptability|Leadership|Oracle HR|Data Analysis
Human Resources Generalist - Lincoln, NE	human resources|employee relations|talent development|compensation|data analysis|employment laws|confidentiality|communication|analytical reasoning|emotional intelligence|discretion|judgment|relationship building|problem solving|teamwork	coaching|presentation skills|attention to detail|recruiting|performance management|succession planning|driver's license|PHR certification|SHRM-CP certification|urgency
Senior Human Resources Business Partner	employment law|data analytics|training and development|employee relations|communication|leadership|problem solving|social perceptiveness|negotiation|judgment|decision making|attention to detail|customer focus	team building|active listening|organizational savvy|HRIS|payroll management|time and attendance management|health and benefits administration|bilingual (Spanish)|manufacturing experience
Human Resources Supervisor (On-site)	recruitment|employee relations|policy administration|performance management|HR process improvement|training and development|regulatory compliance|Microsoft Office|communication|teamwork|problem solving	analytical skills|customer service|forward thinking|presentation skills|independence|Workday|Kronos|bilingual (English and Spanish)
Human Resources Coordinator	HR systems (SuccessFactors, Workday, SAP)|advanced Excel|advanced PowerPoint|multi-tasking|flexibility|analytical skills|collaboration|workforce planning	HR experience|budget control|financial measures|ability to thrive under pressure|attention to detail|proactive|self-motivated|multinational company experience|Spanish speaking
Human Resources Generalist	HRIS|payroll software|Microsoft Office Suite|recruiting|employee onboarding|communication|time management|teamwork|flexibility|attention to detail	consultative skills|professionalism|Microsoft Outlook|labor laws|employee training programs|HR policy development|growth mindset
Human Resources Generalist	HR administration|employee relations|onboarding|compliance|data analysis|report generation|employment law knowledge|communication|teamwork|problem solving|conflict management	customer focus|attention to detail|relationship building|adaptability|initiative|SHRM-CP|bilingual
Human Resources Assistant	human resources administration|payroll administration|employee benefits|performance management|recruiting|Kronos|clerical functions|office administration|independent judgment|communication	teamwork|problem solving|attention to detail|customer service|compliance|Microsoft Office|JD Edwards
Human Resources Manager	HR Management|Employee Relations|Performance Management|HR Administration|Data Analysis|Employment Laws|Microsoft Office Suite|Unionized Manufacturing Experience|PHR/SPHR Certification|Communication	Interpersonal Skills|Organizational Skills|Collaboration|Problem Solving|Leadership Development|Proactive Engagement
Human Resource Specialist	HRIS|Payroll Management|Background Checks|Onboarding|Employment Regulations|Multi-tasking|Reporting|Communication|Judgment	Decision Making|Organizational Skills|Teamwork|Confidentiality|Problem Solving|Microsoft Office
Sr. Manager, Human Resources Business Partner (HRBP)	HR Business Partnering|Human Resources Management|Performance Management Systems|HRIS Proficiency|Talent Planning|Learning and Development|Change Management|Recruitment Strategies|Communication|Teamwork|Empathy|Strategic Thinking	Cultural Sensitivity|Feedback Acceptance|Problem Solving|Adaptability|Collaboration|Microsoft Office Suite|Data Analysis|Creativity
Human Resources Administrator	HR Management|Onboarding|Employee Relations|Documentation|Microsoft Office Suite|Process Improvement|Compliance|Background Verification|Communication|Interpersonal Skills|Organizational Skills|Problem Solving	Attention to Detail|Initiative|Integrity|Professionalism|Confidentiality|Leave Management|Office Management Systems|Flexibility
Human Resources Manager	HR policies|Recruitment|Onboarding|Employee performance management|Legal compliance|HRIS systems|Training programs|Data analysis|Communication|Collaboration|Coaching	Mentoring|Problem solving|Adaptability|Strategic thinking|Cultural development|Succession planning|HR certification
Human Resources Generalist	recruitment|data management|confidential information handling|teamwork|independence|collaboration|time management|benefits administration|performance management|conflict resolution	employee relations|Microsoft Office Suite|communication|interpersonal skills|problem-solving|attention to detail|leave administration|HRIS systems|employment laws|FMLA|ADA
Human Resources Manager	HR management|recruiting|payroll management|benefits structuring|performance review administration|employee onboarding|data analysis|HR operations|labor law knowledge|report creation	communication|interpersonal skills|leadership|organizational skills|time management|mediation
Human Resources Coordinator	Applicant Tracking System (ATS)|Customer Relationship Management (CRM)|Microsoft Office|Organizational Skills|Multi-tasking|Customer Service Mindset|Communication|Problem Solving	Adaptability|Teamwork|Self-Driven|Attention to Detail|Continuous Learning|Google Suite
Human Resource Generalist	employee relations|performance management|development|MS Word|MS Excel|Bachelor’s degree|interpersonal skills|teamwork|organizational skills|attention to detail|writing skills|verbal communication|time management|relationship-building|professionalism|HR policies and procedures	regulatory compliance|onboarding|terminations|immigration compliance|MS Outlook|HRIS (Workday)|ATS|professional HR certification|presentation skills|integrity|confidentiality
Human Resources Manager	employee relations|talent acquisition|payroll management|communication|teamwork|problem solving|relationship building|customer service|leadership|professionalism|time management|performance management|employment law compliance|benefits administration	Microsoft Office Suite|BambooHR|BSWIFT|Mozart|Millennium Payroll Software|Kronos|JIRA|confidentiality|adaptability
Senior Director Human Resources	human resources|organizational design|talent management|employee engagement|compliance|leadership development|performance management|problem solving|critical thinking|business acumen|knowledge of HR laws|training and development|data analysis|communication|relationship management|multi-tasking	teamwork|adaptability|strategic planning|matrix management|coaching|decisiveness|creativity|mission-driven leadership|diplomacy|influence
Human Resources Business Partner	HR Management|Recruiting|Performance Management|Employee Relations|Labor Law|Coaching|Succession Planning|Compensation and Benefits (C&B)|Organizational Change|Communication|Bachelor's Degree|PHR/SPHR or SHRM Certification|Relationship Building	Influencing|Teamwork|Problem Solving|Adaptability|Cultural Awareness|Engagement|Safety Awareness|Master's Degree
Human Resources Business Partner	HR Management|Talent Management|Change Leadership|Organizational Design|Employee Engagement|Data Analysis|Strategic Thinking|Collaboration|Coaching|Communication	Problem Solving|Relationship Building|Cultural Awareness|Adaptability|Mergers & Acquisitions|Union Experience|Construction Industry Knowledge
Human Resource Business Partner, Mansfield	Human Resources Management|Employee Relations|Legal Compliance|Data Analysis|Talent Acquisition|Performance Management|Coaching and Mentoring|Organizational Psychology|Training and Development|Payroll Management|Benefits Administration|Communication|Interpersonal Skills|Collaboration|Problem Solving|Initiative|Agility|Resourcefulness|Flexibility|Trust Building|Change Management|AAP Programs	EEOC Programs|Canadian HR Practices
Associate Partner, Human Resources , NASC	Microsoft Office|HRIS|Payroll Systems|Data Analysis|Communication|Problem Solving|Flexibility|Attention to Detail|Time Management|Teamwork	Microsoft Excel|Interpersonal Skills|Confidentiality|Customer Service|Pivot Tables|VLOOKUPs
Human Resources Manager	Human Resources Management|Data Analysis|HR IT Systems Administration|Recruiting|Compensation Management|Performance Management|Employee Relations|Policy Interpretation|Microsoft Office Suite|HR Program Development|Staff Development|Needs Analysis|Analytical Skills|Detail-Oriented|Collaboration|Communication	Results-Oriented|Ability to Work Under Pressure|Independent Work|Leadership|Organizational Skills|Change Management|Project Management|Employee Engagement Activities|Professional HR Certification (SHRM-CP or PHR)|Flexibility
Director, Human Resources	HR leadership|Talent acquisition|Employee relations|Performance management|Compensation and benefits|HRIS|Policy development|Project management|Budgeting|OSHA|Leadership|Communication|Interpersonal skills|Problem solving|Decision making|Coaching|Teamwork|Confidentiality|Engagement|Listening skills|Influencing|Strategic planning|Time management|Consulting|Change management	Organizational design|Workforce analytics|Market pay analysis|Job evaluation|Benefit program design|Microsoft Office Suite|Industry-specific software|FLSA|HIPAA|EEOC|ERISA|FMLA|ADA/ADAA|ACA|State and federal wage and hour practices|Flexibility
Human Resources Specialist	new hire orientation|payroll management|record management|statistical reporting|vendor management|communication|teamwork|organizational skills	problem solving|attention to detail|adaptability|HR policies implementation|benefits administration|compensation management
Human Resources Project Manager	Creating HR Training Programs|Project Documentation|Confidentiality|Communication|Teamwork|Problem Solving|Leadership|Adaptability|HR Project Management|Smartsheets|Creating HR Communications|Managing Complex Employee Events|Change Management|Risk Management|Stakeholder Management	SHRM-CP Certification|PMP Certification
Human Resources Manager	recruitment|employee relations|training and development|performance management|HRIS systems|MS Office Suite|HR-related software|communication|interpersonal skills|relationship-building|conflict resolution	integrity|professionalism|discretion|time management|results-oriented|compliance|employment laws|data security
Senior Analyst, Human Resources Technology	Data Analysis|Excel|HR Technology|Reporting and Analytics|Project Management|Technical Support|Communication|Problem Solving|Analytical Mindset|Stakeholder Management	Attention to Detail|Team Collaboration|Adaptability|Customer Focus|Workday|Configuration Management
Human Resources Generalist	HRIS|Employee Relations|Training Program Development|Employment Law Knowledge|Confidentiality|Communication|Teamwork|Problem Solving|Initiative|Presentation Skills|Interpersonal Skills|Time Management|Collaboration|Adaptability	Microsoft Office (Word, Excel, PowerPoint)|Benefits Administration|Leave Administration|Payroll Management|FMLA Compliance|ADA Compliance|Data Privacy Regulations|HR Metrics|ADP Workforce Now|Investigative Skills
Plant Human Resources Manager	HR Management|Talent Acquisition|Employee Relations|HR Analytics|Compliance|Compensation and Benefits Administration|Training|Communication|Teamwork|Problem Solving|Flexibility|Leadership|Interpersonal Skills	Analytical Thinking|Adaptability|Project Management|Manufacturing Experience|Succession Planning|Safety Management|Engagement Strategies|Salary Surveys
Human Resources Manager	employee job descriptions|recruiting|employment processes|compensation management|benefits administration|compliance with HR regulations|Microsoft Office|labor regulations|communication|presentation skills|attention to detail	independence|problem solving|teamwork|adaptability|time management|Paychex|EOS|finance experience
Human Resources Coordinator	HR administrative paperwork|employee onboarding|employee offboarding|talent management|people development|employee communications|business objective reports|interview process management|reference checks|salary recommendations|communication|problem solving|teamwork|attention to detail	customer service|adaptability|time management|organizational skills|MS Word|MS Excel|MS Outlook|organizational design|change management
Director of Human Resources	human resources management|talent management|change management|organizational management|performance management|training and development|compensation management|HRIS systems|legal compliance|employee relations|payroll administration|data analysis|employee engagement|recruitment and hiring|confidentiality|communication|collaboration|leadership|strategic thinking	problem solving|coaching|adaptability|interpersonal skills|conflict resolution|organizational skills|empathy|facilitation|diversity, equity, inclusion|succession planning|risk management|workplace safety|cultural competency
Human Resource Administrator	HR knowledge|HRIS software|onboarding|recruiting|administrative tasks|reporting|attention to detail|communication|teamwork	self-motivation|organization|problem solving|leave management (FMLA, DBL, PFL)|local, state, and federal legal requirements|positive attitude
VP Human Resources-PST Segment	HR Management|Talent Development|Employment Law|Strategic Planning|Team Leadership|Organizational Effectiveness|HR Certifications|Communication|Interpersonal Skills|Influencing	Problem Solving|Cultural Awareness|Coaching|Collaboration|Integrity|Mergers & Acquisitions|Global HR Experience
Human Resources Specialist	recruitment|employee relations|HR policies and procedures|communication|problem solving|conflict resolution|advisory skills|strategic thinking	teamwork|HR strategies|compensation management|MS Office Suite|benefits administration|PHR/SPHR/SHRM-CP/SHRM-SCP certification
Human Resources Business Partner	talent acquisition|employee relations|organizational development|performance management|coaching|HR metrics|communication|collaboration|critical thinking|problem solving|relationship building|adaptability|creativity|coaching facilitation|teamwork|union relations	project management|change management|data analysis|succession planning|strategic planning|HR policies|risk assessment|workforce planning|empathy|influence
Human Resources Generalist	Talent Acquisition|Onboarding|Employee Relations|HR Principles and Practices|Employment Laws and Regulations|HR Certification (e.g., SHRM-CP, PHR)|Communication	Interpersonal Skills|Relationship Building|Problem Solving|Organizational Skills|Time Management
Talent Acquisition Specialist (Human Resources Coordinator II)	Talent Acquisition|Data Analysis|Project Management|Collaboration|Communication|Customer Service|Confidentiality|Problem Solving|Adaptability|Creativity|Teamwork|Ethical Judgment|Networking|Social Media Marketing|Content Creation|Survey Design|Presentation Skills	Recruitment|HRIS|ATS
Human Resources Manager	HR policies and procedures|recruitment|performance evaluation|employee relations|employment law|HR practices|communication|interpersonal skills|independent work	collaboration|problem solving|employee engagement|ADP payroll processes|SHRM certification|HRCI certification
Human Resources Information System Specialist	Excel|Problem Solving|Communication|Time Management|Documentation|Training|Collaboration|Workday Testing|Test Plans|Test Cases|Test Scripts|System Testing|Integration Testing	User Acceptance Testing|Defect Identification|Project Management|JIRA|Smartsheet|HRIS|HR Reporting|Workday HCM|Workday Certification
Mid-Level Human Resource Support	Human Resources|Microsoft Applications|Data Analysis|Report Writing|Recruitment|Training Documentation|Communication	Teamwork|Problem Solving|Attention to Detail|Adaptability|TS/SCI Clearance
Vice President Human Resources	Human Resources Management|Talent Management|Project Management|Compensation and Benefits Strategy|Data Analysis|Microsoft Office Suite|Leadership|Communication|Emotional Intelligence	Problem Solving|Team Building|Creativity|Time Management|Relationship Building|Adaptability
Human Resource Adminstrator	MS Office|Clerical support|Project coordination|Communication|Teamwork|Problem solving|Attention to detail|Interpersonal skills	Organizational skills|Outlook|Filing system management|Customer service|Positive attitude
Human Resources Specialist	HR policies|data analysis|project management|interpersonal skills|communication|problem solving|teamwork|decision making|continuous learning|relationship building|self-growth	customer service systems|SAP|case management|report creation|help desk software|communication software|stress management|influence and negotiation
Senior Human Resources Representative,	HR Management|Performance Management|Compensation Analysis|Data Analysis|Employee Relations|Organizational Design|Change Management|Diversity and Inclusion|Talent Review|HR Policies Implementation|Communication	Team Collaboration|Problem Solving|Independence|Adaptability|Leadership|Attention to Detail|Empathy
Human Resources Generalist	recruitment|onboarding|payroll administration|benefits administration|compliance|human resources policies|employee termination	business degree|interpersonal skills|communication|relationship building|problem solving
Human Resource Manager	HR Management|Onboarding|Employee Relations|Data Analysis|MS Office|Workforce Planning|Policy Management|Performance Management|Report Generation|Interpersonal Skills	Communication|Organizational Skills|Detail-Oriented|Multi-tasking|Results-Oriented|Problem Solving
Human Resources Generalist	recruitment|onboarding|payroll administration|compliance|policy adherence|human resources management	interpersonal skills|communication|relationship building|benefits administration
Human Resources Manager	Talent Acquisition|Employee Relations|Benefits Administration|Organizational Development|MS Word|MS Excel|Analytical Skills|Problem-Solving|Communication	Organizational Skills|Attention to Detail|Adaptability|Integrity|Performance Management|MS PowerPoint
Human Resource Coordinator	recruiting|employee relations|performance management|onboarding|offboarding|administrative support|job descriptions|interview scheduling|confidentiality	communication|organizational skills|attention to detail|relationship building|problem solving|applicant tracking system
Human Resources Business Partner III International	Human Resources|Talent Acquisition|Microsoft Office|Data Analysis|Compliance|Conflict Management|Communication|Problem Solving|Leadership|Collaboration|Adaptability|Employee Relations|HRIS Systems	Organizational Design|Performance Management|Change Management|Bilingual (Spanish)|International HR Experience|Business Acumen|Coaching|Strategic Thinking|Influencing
Data Engineer - Enterprise Data and Analytics, Human Resources Stream	Data Security|Data Management|Data Analysis|Collaboration|Problem Solving|Communication|Adaptability|Customer Focus|ETL|SQL	Python|Cloud Technologies|Data Warehousing|Test Automation|Data Visualization|Innovation
Information Technology Project Manager	project management|application system development|integration|deployment|project planning|risk management|resource management|budget management|quality assurance|status reporting|training and education|leadership	communication|negotiation|team collaboration|problem solving|time management|adaptability|attention to detail|SharePoint
Information Technology Security Analyst	Communication|Teamwork|Flexibility|Multitasking|IT Security Systems Design|Network Monitoring|Auditing|Cisco AMP|Cisco Firepower	Cisco Stealthwatch|QRadar|ESET|Troubleshooting|AWS Cloud|Documentation
Application Analyst I, Day Shift, Information Technology	troubleshooting|ticketing system|application support|system testing|change management|computer science|information technology|enhancement requests|communication	teamwork|problem solving|customer service|adaptability|documentation|service level agreements
Information Technology Specialist	network administration|troubleshooting|network security|customer service|CompTIA Network+|problem-solving|teamwork	communication|interpersonal skills|Cisco CCNA|Microsoft Certified Solutions Associate (MCSA)
Information Technology Support Technician	technical support|hardware installation|software installation|troubleshooting|computer maintenance|customer service|networking (LAN/WAN)|advanced computer skills|database maintenance|communication|teamwork|problem solving|attention to detail|flexibility	initiative|time management|report preparation|inventory management|videoconferencing support|call accounting software|lifting (up to 50 pounds)|climbing ladders|confidentiality
Information Technology Support Specialist	presentation|MS Office|problem solving|communication|organization|relationship building|teamwork|customer service|time management|sales|customer engagement	negotiation|lead generation|quotations preparation|market analysis|product demonstration|adaptability|strategic planning
Information Technology Support Engineer	IT desktop service|technical work activities|information systems|technology functions|administrative skills|customer service|team coordination|adaptability	communication|interpersonal skills|organizational skills|problem solving|health and safety awareness
Information Technology Support Specialist	Windows|Basic Network Knowledge|Professional Communication|Problem Diagnosis|Teamwork|Responsibility|User Satisfaction|Documentation|Comprehensive Approach|Active Directory|Office 365	SharePoint|Windows Server|ITIL|ISO 27001|Ticketing System|Remote Administration|Punctuality|Compliance with Standards
ServiceNow - Information Technology Manager	Project management|Documentation|Technical expertise|ServiceNow Certified System Administrator (CSA)|ServiceNow platform administration|IT service management (ITSM)|Customer service management (CSM)|Service portfolio management (SPM)|IT operations management (ITOM)|Incident management|Problem management|Change management|Service catalog management|Request fulfillment|Governance frameworks|Performance monitoring|Vendor management|User training and support	Data analysis|Capacity planning|Team leadership|Stakeholder engagement|Communication|Collaboration|Problem solving|Continuous improvement|Mentorship|Customer-focused culture|Adaptability|Strategic thinking
Information Technology Support Specialist	technical support|troubleshooting|software configuration|operating systems|software applications|problem-solving|communication|prioritization|time management|teamwork|hardware installation|networking concepts	diagnostic tools|system performance monitoring|software updates|user account setup|network security measures|CompTIA A+|Network+|Microsoft Certified Professional
Information Technology Infrastructure Engineer	IT infrastructure|network connectivity|network services|network security|communication|troubleshooting|teamwork|collaboration|time management|project management|documentation|problem-solving|self-management|customer service|attention to safety|data center operation|Windows operating systems|Active Directory|Group Policy|Windows PC support	thin client support|mobile devices support|patching operating systems|firmware upgrade|cybersecurity tools|Acronis backup management|ThinManager|digital modernization|lifecycle management|risk assessment|data quality management|GMP compliance|computer system validation
Information Technology Support Specialist	hardware support|software support|networking|troubleshooting|security measures|help desk systems|user support processes|problem-solving|critical thinking|attention to detail|organization|time management|prioritization|communication|customer service|collaboration|Windows 10|Windows 11|Microsoft 365|AutoCAD|Traverse ERP|Zoom|Microsoft Teams	3CX|VoIP
Director, Information Technology	Communication|Collaboration|Problem Solving|Decision Making|Self-Motivation|Organization|Teamwork|Customer Engagement|Leadership|SAP ERP S/4 HANA|ABAP|IDOC|SAP BW4 HANA|SAP MDG|SAP GRC|SAP SRM|SAP IBP|Data Interfaces|EDI|SAP MM|SAP SD|SAP FICO|Supply Chain Management|Logistics|Product Data Management	Warehouse Management|ITIL|PRINCE2|Agile Methodologies|JIRA|Service Now|Confluence|Trello|Slack|Webex|Skype for Business|Sarbanes Oxley Compliance|Analytical Skills|Negotiation|Influencing Skills|Adaptability
Analyst II - Information Technology	hardware inventory management|organizational skills|decision making|communication|teamwork|problem solving|machine learning|statistical modeling|data visualization|mainframe operating systems|storage hardware|network hardware|PC hardware	server operating systems|network services|software installation|system upgrades|workstation setup|server configuration|software inventory management|analytical skills|adaptability to new technology
Entry-level Information Technology (IT) Role	Helpdesk/Desktop Support|Technical Skills|Customer Success|Communication|Motivation|Teamwork|Problem Solving	Business Fundamentals|Networking|Interviewing Skills|Resume Building
Senior Project Manager, Information Technology PMO	project management|resource planning|Office 365|documentation|process documentation|communication|teamwork|leadership|problem solving|strategic planning|relationship building|proactivity|adaptability|PMP certification|risk management|change management	communication planning|Primavera P6|Microsoft Project|MS Power BI|CRM (Microsoft Dynamics)|Windchill|SharePoint SPO|SAP|business case documentation|mentoring|confidentiality
Information Technology Technician	Windows|Network Installation|Troubleshooting|Communication|Team Collaboration|iPhone|M365 Applications|CATO VPN	Intune|JIRA|Confluence|Bilingual (Japanese and English)|On-site Support|Remote Support
Information Technology Support Technician	hardware support|software support|network troubleshooting|operating systems (Windows, Linux)|Microsoft Office 365|database knowledge (MS SQL, Oracle)|SQL scripting|communication|interpersonal skills|teamwork|problem-solving|attention to detail|adaptability|training and guidance	TCP/IP|DNS|DHCP|VLANs|Active Directory|CompTIA A+|Network+|Microsoft Certified IT Professional (MCITP)|Python scripting
Information Technology Technician	organization|communication|problem solving|attention to detail|teamwork|hardware inventory management	server rack and stack|desktop hardware setup|data center maintenance|tier 1 support
Information Technology Auditor	Analytical Thinking|Attention to Detail|Communication|Problem Solving|Team Collaboration|IT Internal Controls|Regulatory Compliance|IT Sarbanes-Oxley (IT SOX)|IT General Controls|Risk Assessment|IT Controls Frameworks|Audit Methodologies|COSO 2013	COBIT|ISO Standards|CMM|ITIL|PCI Compliance|NIST Standards|SSAE 18 SOC|SAP Functional Knowledge
Information Technology Help Desk	Microsoft Office/365|hardware troubleshooting|software troubleshooting|helpdesk support|network equipment support|customer service	communication|problem solving|teamwork|inventory control
Information Technology System Analyst	IT hardware support|application support|network support|.NET|C#|SQL|LAN/WAN support|project management|business systems understanding|help desk support|interpersonal skills|communication|team collaboration	problem solving|analytical skills|adaptability|Microsoft Visual Tools|Blazor|Telerik|DevOps|Agile|DB design
Information Technology Assistant	technical support|hardware installation|software installation|network troubleshooting|user account management|IT inventory management|computer hardware knowledge|computer software knowledge|networking concepts|communication	interpersonal skills|teamwork|adaptability|motivation|problem solving|desire to learn|emerging technologies evaluation
Senior Information Technology Application Analyst	system upgrades|software implementation|data conversion|technical guidance|vendor management|backup and recovery processes|root cause analysis|documentation|disaster recovery|application evaluation|IT infrastructure coordination|application development|leadership|communication|problem solving|collaboration	customer service orientation|analytical thinking|adaptability|project management|teamwork|application support|configuration management|preventative maintenance|testing (unit, integrated, user acceptance)|customer satisfaction monitoring|mentoring
Director of Information Technology	Business Acumen|Collaboration|Problem Solving|Communication|Leadership|Strategic Thinking|IT Management|CloudSuite|Warehouse Management Systems|API Development	Integration Experience|Risk Analysis|Risk Mitigation|Software Purchasing|Hardware Purchasing|Subscription Management
Information Technology Project Manager	Project Management|Communication|Team Management|Problem Solving|Adaptability|Microsoft Azure|SDLC|Agile|Microsoft Exchange|Office 365|SharePoint|Intune|Azure Active Directory|OneDrive|MS Teams|Time Management	JIRA|iManage|Workday|Engage
Senior Information Technology Auditor	Risk Management|SQL|Cybersecurity|Internal Controls|Communication|Project Management|Analytical Skills|Attention to Detail|Planning and Organizing|Collaboration|Initiative|IT Audit|CIA Certification|CISA Certification|CISM Certification	Data Analysis|Linux|Cloud Computing|COBIT|NIST SP 800|NIST CSF|SSDLC|Change Management|Code Security|Data Management
Senior Information Technology Program Manager	project management|system implementation|accounting knowledge|sarbanes-oxley compliance|IT environment experience|collaboration|independent planning|communication|problem solving|reporting|ad hoc analysis	asset accounting
Information Technology Support Specialist (Active TS/SCI /wPoly)	help desk support|information technology (IT)|troubleshooting software|communication|problem solving|coaching|guidance|teamwork|adaptability|computer repairs|remote support	troubleshooting hardware|desktop mirroring|cloud infrastructure|installing computer hardware|modifying computer hardware|repairing computer software|investigation|follow-up
Information Technology Business Partner	enterprise technology|data analysis|Microsoft Suite|application selection|healthcare technology|communication|customer orientation|problem solving|self-motivation|leadership|relationship building	networking concepts|collaboration|organization|Microsoft certifications|Active Directory|Exchange Server|Windows 10 management
Information Technology Project Coordinator	Project Coordination|Data Analysis|Communication|Problem Solving|Time Management|Customer Service|Teamwork|Adaptability|Customer Business Management System|Scheduling Management Tools|Financial Reporting|Callout Management (ARCOS)|Preventative Maintenance Management	Microsoft|VMS|SAP
Information Technology Specialist 2 (NY HELPs) - 5138	Database Design|SQL|Performance Tuning|Data Analysis|Adhoc Reporting|Troubleshooting	Communication|Problem Solving|Teamwork|Adaptability
Information Technology Support Specialist	Hyper-V Administration|Networking|Microsoft 365 Administration|Self-Motivated|Customer Service|Problem Solving|Communication	Adaptability|Active Directory Management|Routing|VLANs|VOIP Installation/Administration
Information Technology Project Manager	data management|data extraction|team leadership|communication|problem solving|stakeholder management|cross-functional collaboration|adaptability|project management|network infrastructure|ERP systems	project management software|risk management|PMP certification|PRINCE2 certification|IT infrastructure|strategic thinking|time management
Information Technology Security Administrator	network security|Fortigate firewalls|cybersecurity|cloud security|problem solving|troubleshooting|communication|teamwork|self-motivation|solutions-oriented thinking	continuous improvement|CrowdStrike|Active Directory|Okta|EDR solutions|security policies|security training
Information Technology Technician	Physical Inventory Management|Communication|Problem Solving|Teamwork|Adaptability|Windows Administration|Desktop Hardware Support|Instrument-Controlled Software|Imaging of Computers|Windows Security|User/Group Permissions Management|Group Policies Management|Attention to Detail	Technical Support
Information Technology Project Coordinator	Microsoft Office Suite|PDF Processing|Teamwork|Collaboration|Communication|Adaptability	Problem Solving|Salesforce|Data Entry|Internal Tool (CRS)
Information Technology Project Manager	Application Development|Project Management|Risk Management|Resource Allocation|Cloud Technologies|Communication|Team Collaboration|Problem Solving|Stakeholder Management|Adaptability|Leadership	Time Management|Agile|Confluence|JIRA|SharePoint|SDLC|Budget Management
Senior Information Technology Project Manager	Communication|Analytic Skills|Critical Thinking|Facilitation Skills|Presentation Skills|Collaboration|Team Management|Problem Solving|Flexibility|Responsiveness to Input|Project Management	Cybersecurity Tools Implementation|PMP Certification|APMP Certification|Project Budget Management|IT Project Management Methodology|Project Standards Application|Negotiation|Cultural Adaptability
Information Technology Operations Manager	management experience|technical customer support|desktop support|service desk|technical leadership|operating systems|applications|project management|business management|technical support|leadership|communication	influencing|organizational skills|planning skills|team building|critical thinking|adaptability|problem-solving|customer-centric
Entry-level Information Technology (IT) Role	data analytics|project management|customer success|communication|networking|motivation	helpdesk support|banking operations|interviewing skills|resume building
Information Technology Epic Beaker Application Analyst 2	Information Technology|Project Management|Healthcare experience|Application Operations|Implementation|Customer Service|Teamwork|Initiative	Problem Solving|Engagement|Communication|EPIC certification|Lab Operations
Information Technology Manager	troubleshooting|technical support|project management|technology solutions|system investigation|documentation|communication|team leadership|problem solving	negotiation|collaboration|adaptability|project planning|administrative assistance|insurance technology
Information Technology Project Coordinator	Project Management Tools|SharePoint|Waterfall Methodology|Collaboration|Communication|Problem Solving|Analytical Skills|Autonomy|Knowledge Sharing|Project Coordination|Smartsheet|Excel	PowerPoint|SAP|MS Project|Teams|Forms|Agile Methodology|Self-Motivation|Commitment to Self-Development
Information Technology Intern	Computer Hardware|Help Desk Support|Problem Solving|Communication|Teamwork|Adaptability|Attention to Detail	Reasoning Ability|Microsoft Windows|Microsoft Office|Mobile Devices
Information Technology Operations Engineer	Request Management|Documentation|Collaboration|Communication|Attention to Detail|Problem Solving|Efficiency Optimization|Liaison Skills|ITSM|Production Readiness Reviews (PRR)	Incident Management|Change Management|Problem Management|Runbooks|Knowledgebase Articles|JIRA|ITIL Standards
Healthcare Information Technology Consultant	IT Management|Vendor Implementations|Client Integrations|Development Projects|Technical Skills|Process Development|Risk Mitigation|Web Tools|Organizational Skills|Deadline Orientation	Motivational Skills|Problem Solving|Negotiation Skills|Self-Starter|Teamwork|Communication|HIPAA Compliance
Hybrid - Data & Analytics Manager (Information Technology Manager 1)	Project Management|Leadership|Communication|Collaboration|Problem Solving|Customer Focus|Relationship Building|Critical Thinking|SQL|Data Governance|Data Visualization|Database Management|Data Analysis	Information Technology Architecture|Data Mining|Business Metrics Alignment|Data Curation|Data Extraction|Developing Others|Written Communication|Innovation
Information Technology Risk Manager	Data Analytics|Influencing Skills|Communication Skills|Relationship Building|Credibility Establishment|Collaboration|Problem Solving|Data Risk Management|Operational Risk Management|Regulatory Compliance|Data Governance|Risk Identification|Risk Reporting	NIST Framework|ITIL Framework|COBIT Framework|Automation Solutions|Integration Solutions|Development Architecture|Technology Trends|Information Security Principles
Information Technology Engineer	SQL Server (2012+) Administration|Strong sense of responsibility|Ability to work independently|Good interpersonal skills|Communication skills|Self-motivated|Detail-minded|Result-oriented|Team player|Creativity|Excellent verbal skills|Excellent written skills|VMware vSphere 6/7/8|Storage Area Networks (SANs)|Windows Active Directory (2012+)|Office 365|Microsoft Azure|Networking / Infrastructure	Cisco / Dell Switches|Juniper|Next-Gen Firewalls (Palo Alto)|Endpoint Security Management|Windows 10/11 PCs|Macintosh|Linux|PowerShell Scripting|App Insights|Stream Analytics|Machine Learning - AI|Disaster Recovery/Business Continuance Management
Information Technology Support Specialist	computer and software skills|troubleshooting|hardware and software issues resolution|team-oriented|communication|problem solving|customer service|adaptability|desktop support	mobile device support|printer setup and management|Microsoft Teams setup and support|Intune management|Windows 10 support|device migrations and setup
Information Technology Specialist(Desktop Support)	Independent work|Guidance to others|Planning|Execution|Communication|VOIP phones|Data communications equipment|PC installation|Printer installation	Server installation|Technical site surveys|Data cable installation|Troubleshooting|Inventory control|Desktop support
Information Technology Desktop Support	Microsoft Operating Systems|Office Suite|Active Directory|Hardware Troubleshooting|Software Troubleshooting|Networking Concepts|TCP/IP|VPN|Mobile Device Support|IT Ticketing System|System Backups|Data Recovery|User Education	Problem Solving|Communication|Interpersonal Skills|Independence|Multi-tasking|Prioritization|DNS|DHCP|Technical Certifications
Information Technology Project Manager	Project Management|Budget Management|Risk Management|Quality Assurance|Documentation|Cross-Functional Coordination|Communication|Problem Solving|Conflict Resolution	Team Leadership|Collaboration|Adaptability|SDLC|Software Development|PMP Certification
Information Technology Vice President	Information Technology Strategy|Team Leadership|Project Management|Budget Management|Risk Assessment|System Development|Technical Proficiency|Collaboration|Communication|Interpersonal Skills|Organizational Skills|Problem Solving	Continuous Improvement|Visionary Leadership|Client Focus|Adaptability|Data Analysis|MS Office Suite|Ethical Conduct|Cultural Awareness
Information Technology Support Analyst	desktop support|laptop support|iOS devices support|troubleshooting|Microsoft Networking|Windows OS|Mac OS|MS Office|MS 365|SharePoint|email support|internet browsers|technical degree|teamwork	communication|problem solving|customer service|adaptability|MS Teams|anti-virus software|ticketing system|ServiceNow|A+ certification|MCP certification
Information Technology Project Coordinator	IT Project Management|Budgeting|System Administration|Data Management|Accountability|Proactivity|Critical Thinking|Attention to Detail|Collaboration|Communication|Analytical Skills|Service Orientation|Continuous Learning|Forecasting	Workday Financials|PowerBI|PowerApps|SDLC|Agile Project Management|Excel|PowerPoint|Financial Reporting|ERP Systems
Strategic Sourcing Manager: Cyber Defense & Engineering + Information Technology - USDS	information technology|data analysis|network security|collaboration|problem solving|communication|organizational skills|cyber defense|negotiation|procurement policies|cloud software|RFP management|budget management|digital transformation|adaptability|strategic thinking	creativity|vendor management|contract management|time management
Information Technology Specialist - Data Operations	data management|database management systems|system architecture|integration techniques|testing methods|communication|problem solving|analytical thinking|adaptability|project management|team collaboration|technical documentation|cloud reporting and analytics|data mining|data warehousing|information assurance certification (e.g., Sec+)	data security|data analysis|data quality standards
Information Technology Support Technician	Microsoft Office 2016|documentation|communication|customer service|problem solving|time management|desktop support|Microsoft Windows|PC hardware repair|Office 365|mobile device management	iOS|Android|Blackberry|IT problem diagnosis|teamwork|training|flexibility
Information Technology Manager	IT Management|Cyber Security|Networking|Team Management|Technical Skills|Communication|Leadership|Training	Knowledge Sharing|Problem Solving|Service Desk Management|Office 365|Active Directory|Cloud Services
Information Technology Support Specialist	customer service|computer software|communication|teamwork|organization|judgment|motivation|interpersonal skills|adaptability|troubleshooting|ticket management system	technical support|documentation|operating systems|call center applications|service desk applications|multitasking|time management
Information Technology Business Analyst	SQL|Project Management|Technical Documentation|Communication|Interpersonal Skills|Analytical Skills|Problem Solving|Teamwork|Time Management|Customer Service|Organizational Skills|Leadership|SAP Finance & Accounting|SAP S4	SAP FI (GL, AP, AR, FA)|SAP CO (CCA, PCA, Internal Orders)|SAC Analytics|SAC Planning|Business Case Development|Test Plan Creation|User Acceptance Testing|Reporting Tools|Flexibility
Director of Information Technology	cybersecurity|communication|strategic planning|team management|problem solving|adaptability|cloud migration	ERP implementation|infrastructure design|M365 Dynamics ERP|IT leadership|IT staffing and support
Information Technology Asset Manager	hardware management|project management|database management|documentation|communication|interpersonal skills|independence|multitasking|leadership|problem solving|collaboration|attention to detail|time management|IT asset management|CMDB|ServiceNow|ITSM tools|vendor management|licensing agreements|data analysis	reporting|process design|configuration management|software management|trend analysis|auditing|governance|research|negotiation|team recruitment|continuous improvement|strategic planning|supervision
Information Technology Developer	SharePoint|Teamwork|Problem Solving|Customer Service|Self-Motivation|Integrity|Collaboration|Communication|Leadership|Power BI|SQL|HTML|JavaScript|Power Automate|ETL	API Development|Database Administration|Reporting Technologies|Microsoft Project Server|JIRA|Qlik|Excel|Data Extraction|Automation Tools|Agile
Information Technology/Assurance Specialist	System Administration|Troubleshooting|Teamwork|Communication|Customer Orientation|Problem Solving|Attention to Detail|Adaptability|Time Management|Analytical Thinking|Motivation|Information Assurance|Network Security|Windows Server Administration|Local Area Network (LAN) Technologies|Wide Area Network (WAN) Technologies|Configuration Management|AIS Accreditation|Risk Management Framework (RMF)|Joint Security Implementation Guidance (JSIG)|Data Backup Technologies|Communication Security (COMSEC)|PL1 & PL2 Systems|Microsoft Exchange Server|System Security Policy|Countermeasures Implementation|Presentation Skills	Security Clearance|PL3 & PL4 Cross Domain Solutions
Senior Information Technology Project Manager- Financials	financial reporting|advanced Excel|SAP|data analysis|reporting tools|purchase orders|communication|collaboration|mentoring|problem-solving|process improvement|budgeting	cost control|financial analysis|project accounting|GAAP principles|accruals|Agile methodologies|Smartsheets|change management
Information Technology Project Manager	Project Management|MS Office (PowerPoint, Excel)|Tech Infrastructure Knowledge|Project Financials Understanding|Communication|Self-management|Problem Solving|Teamwork	Proactivity|Transition and Transformation (T&T) experience|MS Project|Smartsheet|SharePoint
Threat Hunting Analyst /Information Technology Specialist 3 (Information Security), ref 5776-10AR	Cyber Security|Technical Reporting|Teamwork|Research Skills|Information Assurance|MITRE ATT&CK Framework|Cyber Kill Chain	Information Technology|Critical Thinking|Analytical Skills|Communication|Problem Solving|Independence|Log Analysis|SIEM Technologies|Threat Intelligence|Incident Response|Network Security|Vulnerability Management|Operating Systems|System Administration|Endpoint Detection and Response|Network Architecture|Threat Hunting
Information Technology Administrator	network infrastructure|CAT5/6 cabling|domain controller|management and implementations|hands-on support|problem solving|communication|teamwork|scalable solutions|wireless networks|network switches|WAN/LAN|POS systems|MSP experience|firewall applications	Active Directory|VPN applications
Corporate Information Technology Manager Hotels	budget management|data security|project management|database management|leadership|communication|interpersonal skills|strategic thinking|team management|decision-making|problem-solving|adaptability|IT management|hospitality industry knowledge|property management systems|IT infrastructure design	system administration|network management|vendor management|technology solutions identification|system audits|IT policy development|telecommunications systems|hardware and software testing|training and development|stakeholder engagement
Information Technology - Data Management Specialist	database management systems|data integration|problem solving|communication|analytical thinking|teamwork|organizational skills|data management|cloud reporting and analytics|data mining|data warehousing|information assurance certification (SEC+)|query languages|systems architecture|cost analysis|metadata management|feasibility studies|backup and recovery|normalization|storage capacity management|adaptability|decision making|attention to detail|time management|strategic planning	data quality standards|data governance
Information Technology Specialist	help desk support|networking principles|teamwork|adaptability|organizational skills|oral communication|multi-tasking|cultural sensitivity|compliance knowledge|programming languages|software development|data science|machine learning|AI tools|PowerBI|Perl	customer service|written communication|confidentiality|Python|Ellucian Banner|Salesforce|Java|R|Oracle Database|server administration|SSL certificate maintenance|Linux system administration|DNS administration|systems engineering software tools
Senior Oracle Database Administrator (Senior Information Technology Systems Specialist)	Attention to Detail|Self-Motivated|Collaboration|Communication|Problem Solving|Time Management|Adaptability|Oracle Database Administration|Disaster Recovery Procedures|Database Backup/Recovery Utilities|Recovery Manager (RMAN)|Data Pump|Flashback Technologies|Media Management Integration|Database Security Management|Transparent Data Encryption (TDE)|Lightweight Directory Access Protocol (LDAP) Authentication|Data Masking|Scripting Languages (Shell, Perl, Python)	SQL|PL/SQL|Oracle Real Application Clusters (RAC)|Grid Infrastructure|Automated Storage Manager (ASM)|Advanced Database Replication Solutions|Materialized Views|DataGuard|GoldenGate
Information Technology Help Desk Manager	Management Experience|Customer Service|Communication|Problem Solving|Teamwork|Active Directory	Windows Servers|O365|Stakeholder Management|Vendor Management
Information Technology Project Coordinator	software development methodologies|applications development process|communication|interpersonal skills|analytical problem solving|organizational skills|time management	self-motivation|adaptability|project management tools|technical documentation|laboratory procedures
Information Technology Support Specialist	Help Desk Support|Microsoft Office|Windows Operating System|Mac Operating System|Server Operating Systems|CCTV Systems|Communication|Problem Solving	Time Management|Customer Service|Teamwork|VPNs|Multi-Factor Authentication (Duo)|Access Control Systems
Hybrid - Information Technology Manager 1	information technology|project management|cost-effective solutions|communication|collaboration|customer focus|problem solving|accountability|leadership|adaptability|programming	network administration|hardware and software implementation|disaster recovery planning|database concepts|IT infrastructure design|telecommunications systems|developing others
Information Technology Infrastructure Manager	network administration|Microsoft systems|network management|project management|Cisco telephony|customer service|team building|communication|analytical skills|problem resolution|leadership|relationship building|presentation skills|training|initiative|planning and organizational skills|workload prioritization|independence|flexibility|data center operations	Office 365|virtualization (VMware)|SAN storage|Microsoft Server 2008/2012/2016|Microsoft SQL 2008/2014/2016|Microsoft Exchange|Active Directory|PowerShell|Group Policy|AWS|Azure|PaaS technologies|travel readiness
Information Technology Program Manager – I	Communication|Teamwork|Client Interfacing|Organizational Skills|Problem Solving|Adaptability|Time Management|Interpersonal Skills|Collaboration|Critical Thinking|Independence|Microsoft BI Stack|Data Warehousing|ETL Process|SQL Server|T-SQL|Power BI|SSIS|SSAS|SSRS|OLAP|Dimensional Modeling|Dashboards	Relational Database Design|MDX|Technical Infrastructure|Architectural Frameworks|Reporting Systems|Heterogeneous Systems|Database Technology|Excel Services|SharePoint|PerformancePoint|Trimble PMIS Systems|UII System|Leadership|Stress Management|Forward Thinking
Information Technology Support Analyst	Office 365 Administration|Troubleshooting|Security Protocols|Technical Support|Cloud-Based Software|Communication|Collaboration|Problem Solving	Interpersonal Skills|Independence|Microsoft Intune|JIRA|Documentation Tools|User Training
Information Technology System Administrator	Windows Administration|Active Directory Management|Network Administration|Hardware Support|Disaster Recovery Planning|Technical Infrastructure Management|Problem Solving|Communication|Teamwork|Adaptability	Time Management|Microsoft 365 Management|Inventory Management|Onboarding Processes|Linux Support|MacOS Support
Information Technology Business Analyst	Microsoft Excel|Analytical Skills|Communication|Problem Solving|Attention to Detail|Collaboration|Adaptability|Critical Thinking|Customer Focus|ERP Systems|Data Integration	Financial Applications|ETL Development|Reporting Services|Cloud Functionality|IFS|SAP Concur|Onestream|Time Management
Information Technology Help Desk	hardware/software troubleshooting|computer deployment (SCCM/Autopilot)|customer service|communication|teamwork	Microsoft Office troubleshooting|Active Directory
Senior Information Technology Security Analyst	information security|network security|security incident management|security monitoring|operating systems|firewalls|VPNs|Microsoft 365|networking principles|TCP/IP|analytical abilities|problem solving|attention to detail|communication|teamwork|confidentiality|organization|collaboration	presentation skills|conflict resolution|forensic analysis|vulnerability management|client-server applications|anti-virus products|Azure security tools|programming|scripting languages|open-source security analysis tools|log data interpretation|negotiation
Director of Information Technology	IT strategy development|data security measures|network management|hardware procurement|SQL|data backup systems|IT budget management|web and mobile platform development|leadership|communication	problem solving|interpersonal skills|teamwork|adaptability|CRM management|API integration|coaching
Information Technology System Manager	Customer Engagement|Interpersonal Skills|Problem Solving|Communication|Team Management|ZAFIRE|INFORM GROUNDSTAR PLANNING|REALTIME|WORKFORCE PLUS|Business Intelligence|Data Analysis	Reporting|Project Management|System Integration|Dashboard Development|Leadership|Analytical Skills|Decision Making
Information Technology Operations Intern - Summer 2024	hardware troubleshooting|software troubleshooting|documentation|IT security policies|communication|collaboration|problem solving|professionalism|adaptability|network troubleshooting	technical support|IT service management|customer service|Windows 10|Office 365|Microsoft Teams|Dell computers|Apple mobile devices
Information Technology Help Desk	network administration|information technology|network security|troubleshooting|customer service|CompTIA A+|Network+|Security+	communication|interpersonal skills|teamwork|independence|attention to detail|problem solving
Tier 1 JSOC Analyst/Information Technology Specialist 3 (Information Security), ref 5774-Tier 1	communication|teamwork|attention to detail|time management|adaptability	cyber security|information technology|computer programming|system administration|operating systems|critical thinking|problem solving|analytical skills|information assurance|network security|incident response|log analysis|SIEM technologies|technical writing|vulnerability management|digital forensics|penetration testing|network vulnerability assessments|web application vulnerability assessments|intrusion detection systems|firewalls|routers|risk management|security architecture
Senior Information Technology Project Manager	IT systems implementation|collaboration|communication|leadership|problem solving|adaptability|project management|Agile|Scrum Master certification|PMP certification|SAFE certification	financial services experience|Waterfall methodology|project planning|task management|dependency management|milestone tracking|time management
Director Information Technology Services	IT management|network infrastructure|budget management|troubleshooting|security compliance|engineering|application support|leadership	communication|problem solving|approachability|team management|cloud technologies|vendor management
Information Technology Business Consultant	business analysis|process flow documentation|JIRA|strategic planning|product development|product strategy|communication|presentation	collaboration|problem solving|market research|Confluence|user insights|design thinking
Information Technology Manager	project management|cybersecurity|Office 365|leadership|strategic thinking|communication|collaboration|problem solving|mentoring|interpersonal skills|team management|user support|training development|IT management|IT infrastructure|budget management|Azure|Active Directory|SharePoint	VMware|Veeam|Fortinet EDR|Cisco IOS|MIMECAST|SD-WAN|ZTNA|MPLS|SIP|PMP|ITIL|CISSP
Information Technology Specialist	IT Support|System Maintenance|Hardware Installation|Software Installation|MS Project|Help Desk Systems|Problem Solving|Multi-tasking|Teamwork|Communication|Customer Interface	Self-motivation|Positive Attitude|Logistics Applications|MS Excel|MS Word|MS Visio|Follow-up Skills
Information Technology Administrator	IT infrastructure management|incident management|project management|problem management|networking|hardware support|software support|database knowledge|report writing|technical certifications|access management|system backups|documentation|communication	analytical skills|problem-solving|delegation|time management|adaptability|team collaboration|customer service|continuous improvement mindset|event management
Information Technology Product Manager (15+ experience in Pharma)	information technology expertise|analytical skills|problem solving|communication|decision making|product management|business requirements gathering|business process optimization	agile methodologies|scrum methodologies|market analysis|data-driven decision making|collaboration
Strategic Sourcing Manager: Cyber Defense & Engineering + Information Technology - USDS	information technology|negotiation|data analysis|cloud software|network security|budget management|digital transformation|collaboration|problem solving|communication|organizational skills|adaptability|strategic thinking|cyber defense|procurement policies|RFP management	vendor management|contract management|time management|creativity
Senior Information Technology Specialist	Network Management|Communication|Interpersonal Skills|Problem Solving|Adaptability|Ability to Work Under Pressure|Documentation|Collaboration|Microsoft Windows Server|IBM iSeries|Linux|VMware|HP Switches|Cisco Firewall|Active Directory	DNS|DHCP|Group Policy|Data Integrity Checks|Disaster Recovery Planning|Desktop Support|Version Control Systems|Kanban Production Floor Systems|Microsoft Great Plains|Training
Information Technology Specialist II	Leadership|Organizational Skills|Planning Skills|Multi-tasking|Adaptability|Communication|Problem Solving|Time Management|Oracle PL/SQL|Java|Angular UI|Spring Boot|SQL|DevOps|GitHub|Jenkins|Visual Studio	TFS|API Management|WSO2|Agile|SOA|Microservices|Unit Testing|System Testing|ServiceNow|Data Modeling|UML Diagrams
Information Technology Programmer	SQL|Data Analysis|Excel|Database Management|Critical Thinking|Attention to Detail|Technical Support|Training Skills|Communication|Problem Solving	Power BI|C#|VBA|DAX Queries|Report Development|Dashboard Development
Information Technology Project Manager	Excel|Project Documentation|Communication|Presentation Skills|Relationship Building|Organization Skills|Detail Oriented|Multitasking|Leadership	PMP Certification|MS Project|Agile Methodologies|Project Tracking|Software Development|Enterprise Level Technical Project Experience
Senior Information Technology Auditor	Microsoft Office Suite|Analytical Skills|Attention to Detail|Financial Services Knowledge|Technology Infrastructure|Communication Skills|Collaboration|Problem Solving|Time Management|Organizational Skills|Interpersonal Skills|Adaptability|Leadership|Written Communication|Verbal Communication	IT Audit|SOX Documentation|Risk Assessment|CISA|CISSP|CPA|CIA|GSNA|Application Controls|Internal Controls
Information Technology Technician	Windows OS Maintenance|Technical Troubleshooting|Virtual Machines (Hyper-V)|Remote Management Tools|Customer Service|Communication|Teamwork|Problem Solving|Adaptability|Independence|Multi-tasking|Active Directory	Windows Server|Firewall Configuration|Router Configuration|Switch Configuration|Ticketing Systems|Backup Devices|Network Printers|Time Management
Sr Information Technology Risk Analyst - IT Services	user documentation writing|communication|problem solving|attention to detail|adaptability|organizational skills|time management|collaboration|IT risk assessments|compliance|internal audit|risk management framework|Microsoft Office (Excel, PowerPoint, Word, Access, Visio)	enterprise governance, risk and compliance systems (e.g., Archer)|data analysis|risk remediation|financial industry best practices|sensitive data handling|self-motivation|influencing skills|independent decision making
Information Technology Technician	Database Structure|Android OS|iOS|SQL Server|Customer Service|Problem Solving|Communication|Microsoft Office|Word|Excel|SAP	Software Troubleshooting|Hardware Troubleshooting|Computer Networks|Windows XP|Windows Vista|Windows 7|Windows 8
Information Technology Support Analyst III	User Support|Problem Solving|Communication|Teamwork|Attention to Detail|Time Management|Active Directory|Vaulting Server|Privileged Access Manager (PAM)|Azure	Single Sign-On|Service Accounts Management|Group Policies Creation|Internal Certificates Management|Quarterly Access Audit|Tanium
Lead Information Technology Specialist	Networking Technologies|Leadership|Team Supervision|Performance Management|Communication|Microsoft Windows|Microsoft Operating Systems|Desktop Imaging Tools (SCCM)|Microsoft Office Suite	Remote Access Technologies (Citrix, VPN)|Practice/Litigation Support Applications|Wireless PDA Technologies (iOS)|Cabling Topologies|Document Management System (Worksite)|Mentorship
Information Technology Specialist	Programming|Project Management|Communication|Teamwork|COBOL	Z/OS|OS/390|Z/VM
Adjunct Faculty, Information Technology, Software Design and Programming	software design|programming|project management|information analysis|communication|critical thinking|organizational skills|teamwork|adaptability|commitment to diversity|engagement|feedback provision|independent work|java	python|.net programming|object-oriented programming|web enabled information systems|ios application development|android application development|learning management system (LMS)|ed-tech tools|inclusive teaching
Senior Information Technology Project Manager	problem solving|project management|stakeholder management|risk assessment|resource management|budget management|clinical trials|quality management|process improvement|leadership|communication|team motivation|mentoring|decision making|relationship building|adaptability	Clarity PPM
Information Technology Analyst II	PC Hardware|Software Support|Networking|Microsoft Office Suite|LAN Infrastructure|VMware ESXi|Microsoft Servers|Printer Configuration|Backup Software|Barcode Scanning Systems|ERP Systems|Security Measures|IT Asset Management|Help Desk Support	Technical Documentation|Communication|Customer Service|Team Collaboration|Problem Solving|Training and Support|Attention to Detail|Project Management|Adaptability|EDI Compliance
2024 Summer Audit Information Technology Intern Detroit, MI	database software|audit program tests|internal controls|financial audits|operational audits|information technology audits|word processing|spreadsheet software|project coordination|oral communication|written communication	interpersonal communication|organization skills|prioritization|active listening|relationship building|diplomacy|tact
Senior Information Technology Project Manager	IT Project Management|Project Management Tools|Strategic Planning|Technical Writing|Data Management|Budget Management|Risk Management|Change Management|Healthcare Experience|Public Health Knowledge|Legacy System Upgrade|Release Planning|Communication|Problem Solving|Negotiation|Team Leadership|Flexibility|Analytical Skills|Collaboration|Presentation Skills	Stakeholder Management|Adaptability|Work Ethic|Meeting Facilitation|Influencing Skills|Motivation|Client Management|Time Management|Agile Methodology|Scrum|Kanban|RFP Writing|Data Conversion
Senior Information Technology Auditor	IT governance|audits|application design|SDLC|project management|vendor management|MS Project|communication|presentation skills|work ethic|detail-oriented|proactive|ability to perform under pressure	time management|MS Excel|MS Word|MS PowerPoint|MS Teams|MS SharePoint|JIRA|Power BI
Information Technology Specialist	Security Compliance (DOD STIGs)|MS SQL Database|Software Building|Technical Support|Problem Solving|Communication|Teamwork|Adaptability|Attention to Detail|Integrity|Windows Server|Windows 10|User Account Administration|Backup and Recovery Solutions|Patching Solutions|Virtualization Software	SIEM Products|DNS Management|PKI|Storage Area Networks|Nessus|Shavlik|Assured Compliance Assessment Solution|WSUS|Hardware Installation|Customer Service
Information Technology Manager	IT management|network management|software installation|data security|project management|procurement processes|IT infrastructure|technical support|system troubleshooting|technology trends|leadership|communication|problem solving	organizational skills|time management|interpersonal skills|collaboration|decision making|adaptability|budget management|software licensing
Information Technology Specialist (CUSTSPT) with Security Clearance	Windows operating systems|customer service|problem solving|oral communication|attention to detail|troubleshooting|technical support|software installation	network configuration|automated ticketing systems|information assurance certification|hardware installation|software updates|telecommunications
Information Technology Specialist 2 (NY HELPs) - 5680	Windows|Active Directory|Network troubleshooting|Technical support|Teamwork|Communication|Problem solving|Adaptability|Attention to detail	COTS software|Linux|MS SQL|Oracle|System performance monitoring|Application configuration
Information Technology Help Desk Technician	desktop computers|problem-solving|communication|customer service|technical support	troubleshooting|printers|IT support
Information Technology Generalist 1	installation|configuration|troubleshooting|networking|operating systems|office productivity applications|enterprise applications|internet connectivity|mobile devices|printing devices|peripheral devices|diagnostics|communication|problem solving	customer service|teamwork|adaptability|attention to detail|time management|computer assembly|third-party software|email access|VPN connections|network cabling
Information Technology Security Analyst	written communication|team collaboration|independent work|adaptability|problem solving|time management|system security plans (SSP)|NIST control requirements|information security principles|networking components|operating systems|NIST special publications|security frameworks (ISO, NIST, COBIT, HIPAA/HITECH)|CISA certification|PMP certification|security controls implementation	verbal communication|Security+ certification
Information Technology Project Manager	project management|project management software|budget management|resource management|stakeholder communication|project planning|communication|customer service|decision making|interpersonal skills|leadership|problem solving|team building	agile|scrum|waterfall|lean|risk management|quality assurance|vendor management|financial forecasting|flexibility
Information Technology Specialist 2 Programming (NY HELPs) - 5315	Application Development|Software Testing|Systems Analysis|Documentation|Problem Resolution|Communication|Teamwork|Problem Solving	User Support|Adaptability|COBOL|Java|.NET|Mainframe
Information Technology Business Consultant	business analysis|process flow documentation|strategic planning|product development|documentation|communication|collaboration|facilitation|problem solving|innovation	leadership|passion for technology|market research|design thinking|user insights|humility
Information Technology Project Coordinator	project management|business operations|MS Office|organizational skills|time management|communication|teamwork|collaboration	problem solving|JIRA|Confluence|SharePoint|Smartsheet|agile project management
Information Technology System Administrator	Windows Administration|Active Directory Management|Network Administration|Hardware Support|Technical Infrastructure Management|Inventory Management|Problem Solving|Communication|Teamwork|Adaptability	Time Management|Microsoft 365 Management|Disaster Recovery Planning|Onboarding Processes|Linux Support|MacOS Support
Information Technology Specialist-Weekend	technical troubleshooting|customer service|computer applications|teamwork|communication|problem solving|organization|professionalism|integrity|attention to detail|client service|collaboration|adaptability	managed services|root cause analysis|cloud environments|Microsoft certifications|ticket dispatching|networking|security issues|virtualization|server issues
Information Technology System Administrator	helpdesk support|troubleshooting|collaboration|communication|problem solving|accountability|attention to detail|VM management|server administration|data backup and restoration	disaster recovery planning|information security|system configuration|patch management|IT asset management|risk management
Information Technology Field Technician	troubleshooting|problem-solving|communication|attention to detail|organizational skills|ability to work in a fast-paced environment|meeting deadlines|technical support	computer repair|desktop computers support|printer support|CompTIA A+|Network+|Microsoft Certified Professional (MCP)
Information Technology System Administrator	Network Administration|SQL Databases|TCP/IP Networking|Programming or Scripting Languages|Communication|Collaboration|Multi-tasking|Customer-Centric Focus|Decision-Making|Self-Initiative|Continuous Improvement Mindset|Attention to Detail|Windows Operating Systems|Cyber Security	VMware Virtualization|M365 Office Productivity Software|Azure Cloud Management|Active Directory|Computer Troubleshooting and Repair|User Computer Support|Firewall Management|Data Backup and Disaster Recovery|Phone System Administration|MS Dynamics NAV (Business Central)
Lead Information Technology Specialist (Systems Administration)	IT configuration|IT integration|IT security|project management|technical analysis|customer support policies|performance testing|system design|attention to detail	customer service|oral communication|problem solving|leadership|cost benefit analysis|compatibility testing
Information Technology Analyst Principal – Enterprise Data Manager	data governance|data management|cloud platforms|hardware standards|software standards|network standards|communication|leadership	autonomy|analytical thinking|team management|problem solving|data warehousing|Azure
Information Technology Help Desk	PC Configuration|Mac Configuration|Technical Problem Solving|Remote Assistance|Microsoft OS Imaging|Apple OS X|Windows Deployment|Technical Support|Project Management|Software Installation|Hardware Upgrades	Maintenance of Proprietary Systems|Communication|Organizational Skills|Attention to Detail|Cultural Sensitivity|Teamwork|Customer Service|Printer Setup
Information Technology Support Specialist (Active TS/SCI /wPoly)	computer repairs|help desk support|information technology (IT)|remote support|troubleshooting hardware|installing software|remote access tools|cloud infrastructure	communication|problem solving|coaching|teamwork|customer service|adaptability
Information Technology Support Specialist	communication|customer service|problem solving|teamwork|technical support|troubleshooting|ticketing system|hardware installation	software installation|network support|diagnosis|configuration|follow-up
Information Technology Asset Manager	IT Asset Management (ITAM)|ServiceNow ITAM Module|Technical Resource Coordination|Attention to Detail|Documentation|Reporting|Collaboration|Continuous Improvement	Problem Solving|Data Center Inventory Management Database (DCIMB)|ITIL Certification|CITAM Certification|CHAMP Industry Certifications
Information Technology Administrator	problem solving|communication|collaboration|independence|network administration|server administration|Meraki network equipment|Windows Server 2016+|VMware|network security|firewalls|VPNs|intrusion detection systems|system maintenance|backup management|disaster recovery planning|compliance|system security techniques|troubleshooting|hardware support|software support	proactive attitude
Senior Information Technology Project Manager	Documentation|Resource Management|Communication|Problem Solving|Team Collaboration|Adaptability|Project Management|Risk Management|SDLC (Software Development Life Cycle)	Defect Tracking|Change Control|Quality Assurance|Stakeholder Management|Leadership|Mentoring
Information Technology Manager ServiceNow	Data Analysis|Documentation|Training Development|Continuous Improvement|Team Leadership|Communication|Collaboration|Problem Solving|Mentorship|Customer Focus|Adaptability|Leadership|Analytical Thinking|Time Management|ServiceNow|IT Service Management (ITSM)|Configuration Management	Incident Management|Problem Management|Change Management|Service Catalog Management|User Access Management|Performance Monitoring|Governance and Compliance|Project Management|Vendor Management|Capacity Planning|Stakeholder Engagement|Strategic Thinking
Information Technology Service Delivery Manager	IT applications|cross-functional management|support tools and techniques|strategic planning|service awareness|organizational skills|customer service skills|leadership|interpersonal skills|communication skills	active listening|multi-tasking|teamwork|self-motivation|typing skills|presentation skills
Information Technology Program Manager	project management|change management|PMP certification|stakeholder management|communication|relationship building|problem solving|team leadership|adaptability|risk assessment|SaaS|bespoke solutions|application landscape transformation|medical device experience|medical technology experience	high-tech industry experience|program management|Excel
Information Technology Network Engineer	network infrastructure|network security|project planning|network configuration|collaboration|technical support|problem solving|communication|planning|VPN	firewall management|Fortigate firewalls|F5 VPN hardware/software|Cisco switches|multifactor authentication software|compliance standards
Information Technology Project Manager	Project Management|Risk Management|Budgeting|Financial Analysis|Communication|Stakeholder Management|Problem Solving|Teamwork|Azure DevOps (ADO)|Agile	Microsoft Project|Trello|Asana|JIRA|Healthcare Domain Knowledge|Project Management Professional (PMP) Certification
Instructor, Computer Information Technology	IT Fundamentals|Programming Logic|Networking Concepts|Computer Hardware Functions|CompTIA A+ Certification|Communication|Teamwork|Adaptability|Conflict Resolution|Mentoring|Organizational Skills|Engagement|Professional Development|Student Support	Windows Command Prompt|Linux Command Line|PowerShell|Audio-Visual Equipment Operation|Learning Management Systems (LMS)|Curriculum Development|MCSA: Windows Server 2016|CompTIA Security+ Certification|LPIC-2 Linux Professional Institute Certification|Diversity Awareness
Southeast Regional Manager, Office IT (Support) - Information Technology (IT)	IT management|network management|ticket management system|troubleshooting|PC hardware and software|project management|technical documentation|infrastructure components knowledge|teamwork|communication	problem solving|collaboration|leadership|customer service|adaptability|mobile device management|ITIL certification
Information Technology Data Analyst II - Professional Development	performance improvement|problem solving|attention to detail|data analysis|statistical analysis|data extraction|data management|reporting|data integrity validation|software applications (Strata, MIDAS+)|data collection	auditing|teamwork|communication|professionalism|time management|adaptability|confidentiality
Information Technology Project Coordinator	project management|data analysis|Microsoft Office Suite|MS Project|software development life cycle (SDLC)|documentation management|vendor management|collaboration tools|communication|problem solving|teamwork	customer service|relationship building|presentation skills|adaptability|stakeholder management|Visio|security standards (HIPAA, EDI, PII, PHI)
Information Technology Program Manager	Communication|Leadership|Proactivity|Collaboration|Problem Solving|Workday|Technical Project Management	HR Processes|Stakeholder Management|Cloud Strategies|Mobility Solutions
Information Technology Security Administrator	IT Security Operations|Security Controls|Risk Management|Cybersecurity Awareness|Security+ Certification|Technical Guidance|Enterprise-Level Security Practices|Collaboration|Communication	Continuous Development|Problem Solving|CISSP Certification|Bachelor's Degree in Computer Science|Master's Degree in Computer Science|Mentoring
Information Technology System Administrator	Troubleshooting|Team Coordination|Problem Resolution|Microsoft Server Operating Systems|Microsoft Active Directory|Active Directory Replication|DNS|DHCP|Group Policy|Kerberos|NTLM|LDAP|SAML|Strategic Planning	Linux|PowerShell
Information Technology Specialist	SQL|Microsoft Suite|Active Directory|WordPress|Access|Excel|Customer Service|Analytical Skills|Problem Solving|Teamwork|Communication	Adaptability|Python|ADP|CellTrak|NetSmart|Litmos|RingCentral
Director, Information Technology – Washington DC	IT Management|Technical Leadership|Project Management|Windows Operating System|Telecommunications Systems|Cybersecurity|Budget Management|Policy Development|Database Administration|Network Administration|Communication|Collaboration|Mentorship|Customer Service	Adaptability|Accountability|Organizational Skills|Formal Documentation|UNIX Operating System|VMware|NetApp|Infrastructure Analysis|Vendor Management|Cloud Computing
Information Technology Business Analyst	Data Management|Data Cleansing|Data Validation|Excel|Documentation|Collaboration|Problem Solving|Communication|Accountability	PeopleSoft|Coupa|Master Data Management|ETL|Business Analysis|Requirements Gathering
Information Technology Manager	IT management|budget management|network infrastructure|project coordination|vendor management|communication|teamwork|problem solving|strategic thinking|leadership|adaptability	user education|cybersecurity|data analysis|server management|sales analytics software|Python|compliance auditing
Information Technology Analyst	Desktop Hardware|Networking|Troubleshooting|Inventory Management|Technical Support|Problem Solving|Organization|Communication|Customer Service|Professionalism|ServiceNow	Software Installation|PCI-DSS Compliance|Server Monitoring|Point of Sale Systems|Analytical Skills|Strategic Planning|Multi-tasking|Self-motivation
Information Technology Auditor	Data Analytics Tools|Analytical Skills|Problem Solving|Communication Skills|Interpersonal Skills|Project Management|Independence|Collaboration|Adaptability|IT Auditing|Risk Management|Compliance Frameworks|Audit Management Software|Security Assessment Frameworks|Vulnerability Scanning|Penetration Testing	Configuration Reviews|Banking Regulations|CISA Certification|CISSP Certification|CRISC Certification|ISO 27001|NIST|COBIT|GDPR|SOX
Information Technology Operations Manager	IT Operations Management|Technical Support|PC Imaging Software (MDT, SCCM, SmartDeploy, Acronis)|Microsoft Active Directory|DNS|Windows 10 and Windows 11|Collaboration|Communication|Problem Solving|Leadership|Multitasking|Analytical Thinking|Customer Service Orientation|Adaptability	Time Management|Warehouse Management|Hardware Asset Management (HAM)|Powershell|Microsoft Azure|Intune|Network Cabling and Termination|ITSM Systems|Inventory Control Systems|Logistics Software
Staff Information Technology Program Manager	Technical Program Management|Enterprise Systems|Technology Operations|End User Computing|Leadership|Interpersonal Skills|Cross-Functional Collaboration|Communication|Problem-Solving|Decision-Making|Risk Management|Resource Optimization|Cloud Infrastructure (AWS)|JIRA	Project Management Professional (PMP) Certification|AWS Certifications
2024 Summer - Information Technology (IT) Internship - St. Petersburg, FL	software applications|data management|information security|business analysis|project management|communication|teamwork	customer service|organization|problem solving|adaptability|office equipment operation
Information Technology Network Administrator	network infrastructure management|vulnerability scanning|information security management|collaboration|communication|problem solving|supervision|time management|customer service|network device configuration|patch management	IDS/IPS systems|SIEM systems|penetration testing|disaster recovery planning|incident response|helpdesk support|data center management|equipment management
Information Technology Application Manager	SQL|SQL Server|Agile|ERP|Team Management|Communication|Problem Solving|Coaching|Delegation|Motivation|Workflow Analysis|Leadership|Customer Satisfaction	CSS|HTML|EDI|C|Software Development Life Cycle (SDLC)|Scripting|Systems Programming|JavaScript
Principal Architect - Information Technology (EUC)	cloud technology|analytical skills|problem-solving|communication|collaboration|leadership|relationship building|EUC architecture|data governance|data mastering|metadata management	systems integration|AI concepts|Workspace ONE|Intune|Ivanti|strategic roadmap planning|complex EUC environments design|innovation
Information Technology Network Administrator	troubleshooting|collaboration|communication|problem solving|results-driven|network management|network configuration|network devices|routing protocols|BGP|OSPF|EIGRP|VXLAN|next-generation firewalls|wireless networks|DNS|software-defined networks|network access controls|regulatory compliance	ScienceLogic|ScienceLogic Professional Certification|ScienceLogic Expert Certification
Information Technology Officer	digital systems management|data analysis|networking|project management|communication systems|problem solving|team leadership|innovation	adaptability|collaboration|strategic thinking|decision making|technology leadership|cybersecurity
Information Technology Application Manager	project management|software development life cycle|leadership|communication|interpersonal skills|team management|collaboration|innovation|mentorship|strategic planning|financial acumen|problem solving|web development|agile development methodologies|full-stack development|react	java|javascript|css|html|cloud-based development|CRM systems|e-commerce systems|coding standards|code reviews|testing processes
Information Technology Analyst	Windows 10|Active Directory|Troubleshooting|Documentation|Windows Server|Communication|Analytical Skills|Reliability|Teamwork|Problem Solving|Organizational Skills|Adaptability|Time Management|Professionalism|Microsoft 365|Endpoint Security|Email Security|Customer Service|Python|SAP Business One	Visual Studio|Stata|R|Cisco|Fortinet|Microsoft Azure|Microsoft Hyper-V|VoIP|MECM/SCCM|Hardware Inventory Management|Mobile Device Support|Printer Knowledge|Customer Relationship Management
Threat Hunting Analyst /Information Technology Specialist 3 (Information Security), ref 5774M-10BR	cyber security|data analysis|teamwork|information assurance|MITRE ATT&CK framework|technical report writing|firewall management	information technology|identity and access management|software development security|communication|critical thinking|problem solving|analytical skills|independence|log analysis|SIEM technologies|threat intelligence|network security|endpoint detection and response|vulnerability management|incident response|system administration|network architecture|IDS/IPS|CIA triad|risk management|secure architecture
Vice President Information Technology	cybersecurity|cloud solutions|automation|digital transformation|project management|communication|collaboration|problem solving|innovation|IT strategy|ERP systems|data platform|enterprise architecture|technology scalability|IT controls for SOX compliance|technology outsourcing|JDE	WD|SF|LIMS|ADF|MEF|leadership|team building|strategic thinking|negotiation|mentoring|adaptability
Information Technology Support Specialist	technical support|troubleshooting|hardware diagnostics|software support|networking|hardware asset management|imaging and repair of equipment|client service orientation|communication|problem solving|teamwork	time management|self-training|professionalism|adaptability|video teleconferencing setup|projector setup|call tracking system
Information Technology Manager	cyber security|IT contract management|project management|problem solving|attention to detail|time management|cloud strategy|IT policy development|data analysis	Microsoft 365|networking concepts|collaboration|communication|presentation skills|proactive work style|professionalism|continuous learning|customer portal development|ITIL terminology
Director of Information Technology	network administration|data management|project management|risk mitigation strategies|communication|collaboration|leadership|problem solving|independence|creativity|adaptability	self-starter|IT strategy development|server management|cloud computing|cybersecurity|IT service management (ITIL)|data security protocols|passion for mission
Portfolio Manager (Lead Information Technology Systems Specialist)	Communication Tools|Leadership|Collaboration|Problem Solving|Portfolio Management|Risk Mitigation|KPI Tracking|Technical Systems Management|PMO Processes|Process Improvement|Project Audits|PMP Certification|Attention to Detail|Influencing|Proactivity|Stakeholder Engagement|Coaching|Continuous Improvement|Big Picture Thinking	Project Management|Budgeting
Information Technology Operations Project Manager	project management|change management|release management|Microsoft Office|SharePoint|information security|enterprise applications|network infrastructure|process improvement|documentation|communication|collaboration	relationship building|problem solving|leadership|organizational skills|stakeholder management|planning|Azure|system administration
Information Technology Specialist	Technical Operations Support|Data Backup|Software Installation|Workstation Deployment|Windows OS|Troubleshooting|Configuration Management|Customer Service|Communication|Team Collaboration	Problem Solving|Adaptability|Microsoft Teams|Microsoft Excel|Microsoft Office|Documentation
Director, Information Technology - Washington DC	IT Management|Project Management|Technical Operations|Windows Operating System|UNIX Operating System|Database Administration|Policy Development|IT Infrastructure Analysis|Leadership|Communication|Collaboration|Customer Service|Mentorship|Adaptability	Organization|Strategic Planning|Problem Solving|VMware|NetApp|Telecommunications Systems|Cybersecurity|Vendor Management|Budget Management
Information Technology Sourcing Manager	procurement processes|data analysis|MS Office Suite|Service Now|project management software|communication|stakeholder management|problem solving|customer service|critical thinking|initiative|team collaboration|negotiation|contract management	supply chain management|Power BI|SAP|IT sourcing|RFX process|SaaS|PaaS|IaaS|business law|tenacity
Information Technology Support Specialist	Troubleshooting|Software Installation and Configuration|Network Equipment Maintenance|Data Security Best Practices|Communication Skills|Problem Solving|Team Collaboration|Windows Operating Systems|Help Desk Support|Desktop Support|IT Ticketing Systems|Computer Hardware Installation|Documentation of Technical Procedures|User Account Management	Common Business Applications|Productivity Tools|CompTIA A+|CompTIA Network+|Microsoft Certified Desktop Support Technician (MCDST)|Customer Service Orientation|Professionalism|Patience|Self-Starter|Willingness to Travel
Information Technology Operations Manager	IT management|project management|vendor management|security compliance|resource allocation|IT solutions design|budget management|leadership|decision-making|analytical skills	problem-solving|interpersonal skills|organizational skills|time management|ability to work under pressure|technical analysis|reporting applications
Information Technology Specialist 2 (NY HELPs) - 2921	computer science|MS Office (Word, PowerPoint, Excel, Outlook, Teams, SharePoint)|website compliance|content generation|report creation|research|communication|teamwork	problem solving|guidance and support|presentation skills|attention to detail|accessibility testing tools
Information Technology Specialist (PLCYPLN)	NIST Cybersecurity Framework|Risk Management|Technical System Reviews|IT Systems Support|Attention to Detail|Customer Service|Oral Communication|Problem Solving|Collaboration|Advisory Skills	Privacy Compliance|Data Breach Response|Privacy Policy Development|Privacy Training Management|Document Control|Technical Writing|Negotiation
Information Technology Asset Manager	communication|metrics reporting|adaptability|attention to detail|team collaboration|financial analysis|presentation skills	procurement lifecycle knowledge|asset management lifecycle knowledge|ServiceNow|Ariba
Strategic Director Information Technology	technical solution implementation|business process analysis|documentation authoring|proficient in Word|mathematical skills|communication|team leadership|problem solving|multitasking|dependability|detail-oriented|relationship building	community involvement|IT operations management|network infrastructure design|technology inventory management|vendor contract negotiation|security management|proficient in Excel|financial systems knowledge
Director of Information Technology	IT strategy development|budget management|project management|networking technologies|server management|software applications|disaster recovery planning|IT security policies|technical certifications (PMP, ITIL, CISSP)|ROI calculation for IT systems|leadership|communication	interpersonal skills|strategic thinking|adaptability|mentorship|relationship building|trust cultivation|data governance|Yardi software
Information Technology Sourcing Manager	negotiation|data analysis|communication|stakeholder management|problem solving|customer service|critical thinking|influence|team collaboration|process improvement|contract management|supply chain management|procurement processes|MS Office Suite	PowerBI|Service Now|SAP|IT sourcing|RFX processes|SaaS|PaaS|IaaS|business law knowledge
Information Technology Manager	IT security|project management|IT policies and procedures|team leadership|communication|analytical thinking|delegation|problem solving|organizational skills|IT management|network engineering|systems administration|Microsoft Windows|Linux	Unix|Active Directory|Microsoft 365|cloud environments|network monitoring tools|IT budget management|compliance (PCI, HITRUST, SOC2)|hybrid cloud infrastructure|helpdesk systems|strategic decision making
Information Technology Support Specialist	Windows|Mac|VOIP|Networking|Troubleshooting|Hardware Support|Software Support|Switching/Routing|Communication|Teamwork|Problem Solving	Customer Service|Adaptability|Azure Active Directory|O365|Outlook|Salesforce|Google Workspace|Access Points
Information Technology Support Specialist	Microsoft Windows 10|VMware|Printer Server Management|LAN|WAN|Troubleshooting|Computer Hardware|Operating Systems|Applications|Networks|Initiative|Time Management|Prioritization|Problem Solving	Communication|Coordination|Microsoft Windows 11|Microsoft Teams|OneDrive|Azure|PowerShell|Active Directory|Data Cleansing
Information Technology Support Technician	Technical Support|Troubleshooting|Onsite Support|Time Management|Communication|Adaptability|Teamwork	Problem Solving|Customer Service|Equipment Handling|Driving
Information Technology Manager @ Remote	Microsoft 365 Suite|Project Management|Administrative Tasks|Communication|Interpersonal Skills|Teamwork|Organizational Skills|Stakeholder Engagement	Presentation Skills|Collaboration|Continuous Learning|Customer Engagement Methodologies|Change Management|Content Creation
Information Technology Compliance Analyst	NIST 800 Series|Risk Assessments|Security Planning|IT Security Frameworks|Analytical Skills|Organizational Skills|Communication Skills|Collaboration|Innovative Thinking	Resourcefulness|Results-Driven|IT Compliance Documentation|Security Control Self-Assessments|FISMA|Certification in IT Security
Information Technology Manager	IT infrastructure management|network management|server management|software systems implementation|IT security policies|project management|technical support|troubleshooting|data protection|regulatory compliance|leadership|communication	interpersonal skills|team management|collaboration|problem solving|training and mentoring|time management|budgeting|user education
Information Technology Support Engineer	Problem-solving|Troubleshooting|Documentation|Communication|Organizational skills|Relationship building|IT asset management|Compliance|Vendor engagement|IT project management|Judgment|Decision-making|User-centric approach|Motivation	Windows|Office 365|Interpersonal skills|Self-starter|Mac|Linux|iOS|Android|Powershell|Scripting
Information Technology Business Consultant	business analysis|market research|strategic planning|documentation|communication|presentation|collaboration|facilitation	problem solving|stakeholder engagement|process flow documentation|JIRA|Confluence|design thinking
Financial Systems Administrator, Information Technology	data analysis|system implementation|reporting tools|project management|security measures|leadership|communication|teamwork|analytical skills|interpersonal skills|proactive approach|continuous learning|financial management software|database management	financial regulations|ERP systems|budget management|data synchronization|financial systems integration|Deltek Costpoint|SAP Concur|QuickBooks|cultural sensitivity
Information Technology Project Coordinator	IT project management|IT service management (ITSM)|Microsoft Office Suite|key performance indicators (KPIs)|project coordination|communication|problem solving|teamwork|professionalism|tact|independence	customer service|stakeholder management|DOD Enterprise Service Management Framework (DESMF)|Information Technology Infrastructure Library (ITIL)|ISO 20000 standards|system lifecycle planning|risk management frameworks|data system management
Senior Information Technology System Administrator	CompTIA Security+|Windows Server|Windows 10|Oracle Databases|Network Storage Systems|Scripting|System Troubleshooting|Active Directory|Problem Solving|Communication|Teamwork|Leadership|Project Management|Adaptability|Creativity|Technical Solutions Development	Linux|PowerShell|VMware
Information Technology Manager	ERP Administration|Technical Support|Data Management|Network Access Control|Backup Systems Management|Troubleshooting|Software Negotiation	Communication|Problem Solving|Teamwork|MS Azure
Mid-Level Information Technology System Administrator	CompTIA Security+|Windows Server|Oracle Databases|Network Storage Systems|Troubleshooting|System Installation|System Configuration|System Maintenance|Problem Solving|Communication|Teamwork|Project Management|Adaptability|Attention to Detail|Customer Interaction|Windows 10|Scripting|Active Directory|Creativity	Linux|VMware|PowerShell
Information Technology Project Manager	project management|business analysis|documentation|budget management|IT experience|business requirements gathering|emerging technologies|communication|leadership|collaboration	problem solving|adaptability|customer trust|Agile|Scrum|process mapping
Information Technology Manager	IT Infrastructure|Technology Business Management (TBM)|Relational Database Concepts|Budgetary Planning|Communication|Leadership|Interpersonal Skills|Collaboration|Analytical Thinking|Problem Solving	Financial Modeling|Data Analytics|Data Mining|MS Excel|Cost Reporting|ITIL Certification|Presentation Skills
Information Technology Support Technician	IT Certifications (e.g., CompTIA A+)|Communication|Interpersonal Skills|Collaboration|Customer Satisfaction Focus|Training Development|Proactive Approach|Tier 2 and 3 Technical Support|Help Desk Software|Ticketing Systems|Microsoft Office 365|Active Directory|Windows Operating Systems|Mac Operating Systems|Networking	Problem-Solving|Leadership|ITIL Best Practices
Information Technology Project Coordinator	communication|problem solving|issue management|project management|change management|resource forecasting|task breakdown|project tracking	project reporting|project management tools|prioritization|creativity|influencing
Audit Director - Information Technology	Project Management|Microsoft Office Suite|Communication|Critical Thinking|Teamwork|Leadership|Initiative|Organizational Skills|Interpersonal Skills|Problem Solving|IT Audit|Risk Assessment|Internal Controls|Data Analytics|Application Security|Compliance	Audit Techniques|SDLC|Agile Development|Data Governance|Business Continuity|OWASP Top 10|Financial Regulations|Technical Environment Understanding|Professional Skepticism|Continuous Learning
Director of Information Technology	IT Security Practices|Distributed Systems|Project Management|Leadership|Communication|Problem Solving|Adaptability|C#|Java|C++|RDBMS Design	Containerization|Automation Tools (Jenkins, SOS Job Scheduler)|CI/CD Toolsets (Git, Atlassian, GitLab)|Microsoft Visual Studio/.NET|Infrastructure Provisioning Automation|DevOps|Software Development Life Cycle|Passion for Learning
Information Technology Support Specialist	technical support|problem solving|user account management|hardware troubleshooting|software troubleshooting|network configuration|security monitoring|vulnerability scanning|knowledge base creation|Windows operating systems	server management|software upgrades|communication|attention to detail|teamwork|adaptability
Director of Information Technology	cloud services|server management|networking|cybersecurity|project management	leadership|mentoring|communication|team development
Information Technology Technician	hardware installation|software installation|troubleshooting|network configuration|Windows operating systems|server administration|database programming|Microsoft Windows|inventory management|communication	problem solving|customer service|teamwork|adaptability|attention to detail|Mac IOS
Manager of Information Technology	team management|vendor relations|Active Directory|desktop support|Cisco networking|IT security best practices|network device configuration|firewalls|L2/L3 switches|WAPs|communication|problem solving|adaptability	leadership|collaboration|Cisco IOS|OpenBSD|FreeNAS|ZFS|Office 365|G Suite|VOIP phones
Health Information Technology Specialist - Oncology	problem solving|communication|teamwork|flexibility|positive attitude|customer service|EHR software|clinical informatics|interoperability|software build	troubleshooting|needs assessment|Epic Beacon|Cerner|IKNOWMED|OncoEMR Tech|presentation skills
Information Technology Security Analyst	network engineering|technical reporting|communication|problem solving|teamwork|security configuration hardening|incident detection|SIEM|threat hunting|event correlation|log analysis	VPN troubleshooting|operating systems (Windows, Linux)|adaptability|time management|customer service|attention to detail|ability to work under pressure
Information Technology System Administrator	Network Administration|Hardware Support|Disaster Recovery Planning|Technical Infrastructure Management|Phone Systems Management|Problem Solving|Communication|Teamwork|Adaptability|Time Management|Customer Service Orientation|Attention to Detail|Organizational Skills|Windows Administration|Active Directory Management|Microsoft 365 Management|Cloud IaaS Management (AWS/Azure)|Inventory Management|Microsoft 365 License Management|Onboarding Processes|Terminal Processes|Printer Management|MacOS Support|Linux Support|HubSpot Experience	Sakari Experience
Information Technology Support Specialist	IT support|VPN|computer hardware|computer software|inventory management|communication|problem solving	customer service|teamwork|adaptability|Microsoft Office Suite|office equipment operation
Information Technology Project Manager	project management|program management|analytical skills|IT project delivery|information technology|project planning|ITIL certification|technical concepts understanding|communication	interpersonal skills|organizational skills|time management|problem solving|PMP certification|computer science
Information Technology Field Engineer	Microsoft Environment Support|Microsoft Certifications|Customer Focus|Communication|Motivation|Enthusiasm|Interfacing with Clients|Teamwork|Device Networking|Database Troubleshooting|PC Hardware Skills	Electromechanical Skills|Technical Drawings Interpretation|SQL Knowledge|Medical Devices Knowledge|A+ Certification|Problem Solving|Results Orientation|Fault-Finding Skills
Information Technology Service Desk Manager	Service Desk Management|Desktop Support|Training and Development|Performance Monitoring|Statistical Reporting|SOP Compliance|Knowledgebase Management|Leadership	Communication|Coaching|Problem Solving|Time Management|Teamwork|Customer Service Orientation
Information Technology Procurement Manager	Microsoft PowerPoint|Microsoft Office Suite|process management|project management tools|communication|teamwork|problem solving|leadership|analytical thinking|collaboration|organizational skills|strategic thinking	mentoring|procurement strategy|contract negotiation|market analysis|RFPS and RFXS|IT procurement|supplier management|risk management
Information Technology Consultant	Contract Lifecycle Management (CLM)|Vendor Selection Process|Digital Transformation|Requirements Gathering|Process Analysis|Project Management|Stakeholder Communication|Best Practices Consulting|Risk Management|Collaboration|Problem Solving|Communication|Analytical Thinking|Adaptability	Attention to Detail|Strategic Thinking|Leadership|RFP Management|Functional Testing|Salesforce CPQ Integration|Module Configuration|Automation Tools|KPI Definition|Demo Script Preparation
Sr Mgr, IT - Delivery Information Technology,	system implementation|project management|IT products support|technology direction setting|configuration management|collaboration|leadership|mentoring|relationship building|problem solving|communication|flexibility	application development|ERP systems|business process design|unit testing|performance testing|negotiation|strategic consulting|influencing
Information Technology Sourcing Manager	data analysis|technology knowledge|project management|presentation skills|communication|relationship building|analytical thinking|problem solving|collaboration|adaptability	sourcing strategies|vendor management|negotiation|RFX management|contract management|market intelligence|influencing
Consultant - Cybersecurity and Information Technology, Health Segment - Campus 2024	federal laws and regulations compliance|data analytics|operating systems (Windows, UNIX)|technical writing|business development|problem solving|teamwork|communication|self-motivation|adaptability|client service|curiosity|passion for public sector|vulnerability management tools (e.g., Nessus)	cybersecurity|information technology|project management|configuration management tools|health information technology|attention to detail
Information Technology Project Coordinator	project management|Microsoft Office Suite|communication|problem solving|organizational skills|prioritization|collaboration|adaptability	Smartsheet|JIRA|Tableau|Anaplan|pivot tables
Information Technology Financial Analyst	financial analysis|forecast models|data management|change management|communication|problem solving|teamwork	analytical thinking|leadership|MS Excel|Power BI|capital projects accounting
Information Technology Solutions Architect	IT management|network security principles|Microsoft Office (Excel, Word, PowerPoint, SharePoint)|interpersonal communication|written communication|verbal communication|teamwork|problem solving|analytical mindset|self-motivation|project management|data integration patterns|cloud solutions	hybrid cloud environments|vendor management tools|enterprise architecture|TOGAF|Zachman Framework|supply chain management systems|services design (SOA/Microservices)|COTS enterprise-class applications|consensus building
Information Technology Associate	Microsoft Office Suite|Networking|Computer Troubleshooting|Communication|Problem Solving|Teamwork|Vendor Management|Customer Service|SharePoint|Asset Management Tools|Laptop Imaging Setup|Microsoft Desktop Operating System|Microsoft O365	Security Controls (VPN, Azure)|Remote Laptop Tools (GoToAssist)|Google Suite|Cloud Storage (Egnyte)|Help Desk Ticketing Systems|Patch Management|Process Development|Adaptability
Information Technology Help Desk	technical support|ticket management|user account management|Microsoft Exchange|problem identification and resolution|documentation|customer service|communication	problem solving|teamwork|attention to detail|independence|CJIS certification
Information Technology Consultant	information technology|communication|teamwork|problem solving|flexibility|client relationship management	technical evaluation|staffing solutions|engineering|defense staffing
Entry-level Information Technology (IT) Role	application development|helpdesk support|desktop support|project management|quality assurance|business fundamentals|communication	networking|motivation|coaching|interviewing skills|resume building
Director of Information Technology	vendor management|project management|technical support management|performance evaluation|leadership|team management|communication|interpersonal skills|problem solving|strategic thinking|collaboration|adaptability|IT strategy development|IT infrastructure management|cybersecurity	cloud computing|budget management|data integrity and security|disaster recovery planning|IT policies and procedures|emerging technologies evaluation|resource allocation|software implementation|system migration|technical translation
Director of Information Technology	web development|server administration|network operations|IT security practices|technical support|web architecture|problem solving|innovation|IT management|budget management|database administration|project management|data analytics|customer service	IT service management (ITSM)|strategic leadership|collaboration|communication|team building|stakeholder management|organizational skills|transparency|consensus building
A/P & Contract Analyst II - Information Technology	MS Excel|Budgeting|Research Skills|Data Analysis|Communication|Interpersonal Skills|Prioritization|Problem Solving|Teamwork|Adaptability	Oracle|Google Workspace|Contract Management|Purchase Order Processing|Accounts Payable|Documentation Management|Customer Service
Information Technology Specialist (Policy and Planning) (Direct Hire)	network services|application software|operating systems|systems administration|risk assessment|software assurance|security assurance|attention to detail	customer service|oral communication|problem solving|enterprise architecture|flight software analysis|emulators and simulators
Information Technology Support Specialist	IT support|troubleshooting|software installation/configuration|network management|cloud services|SaaS|hardware support|ticketing systems|CRM (Salesforce)|ITIL|incident management|technical certifications|Google Workspace|O365|Windows Desktop OS|Mac/iOS|Android|point of sale systems|documentation|network diagrams	automation tools|customer service|communication|teamwork|problem solving|attention to detail|multitasking|collaboration|positive attitude|adaptability|work ethic|continuous learning|time management
Information Technology Support Manager	IT support|team management|technical support|IT infrastructure|Microsoft operating systems|Microsoft Azure|IT security practices|regulatory compliance|problem solving|communication|interpersonal skills	collaboration|leadership|prioritization|adaptability|incident management|problem management|Microsoft ITSM|ticketing systems
Assistant Director of Information Technology	Team Leadership|Communication|Problem Solving|Collaboration|Resource Allocation|Planning|Adaptability|Meeting Facilitation|SAP Payroll|API Timekeeping|HR/Payroll Modules Configuration|Project Management|Business Process Analysis|Payroll Tax Reporting	Multistate Taxation|BSI Tax Software|Testing Upgrades|Data Modeling|Integration with ADP|Query Development|R/3 System Configuration|Third Party Timekeeping Systems|Performance Evaluation|Professional Growth Development
Information Technology Program Manager	Programming|Communication|Problem Solving|Team Building|Initiative|Team Player|Project Management Professional (PMP) Certification|Agile Certification|ITIL Service Management Foundations Certification|Microsoft Project|Primavera|JIRA	Project Management Office (PMO) Methodologies|Risk and Issue Management|Waterfall Project Management|Data Analytics|Negotiation|Facilitation|Time Management|Adaptability
Senior Information Technology Manager	IT operations management|project management|Windows Server|Windows 10/11|Active Directory administration|VMware ESX|troubleshooting|problem-solving|technical support|networking|leadership|customer service|communication|teamwork|mentorship|time management|adaptability|collaboration|training|Microsoft 365	Azure AD (Entra)|SharePoint|PowerShell|Linux proficiency|Cisco Meraki|vSphere|HPC environments|AWS|Azure|Cluster compute scheduler software|identity and access management|audio and visual equipment maintenance|international travel readiness
Information Technology Technical Services Manager	networking|project management|troubleshooting|server administration|business continuity planning|disaster recovery planning|vendor negotiation|infrastructure management|communication|team leadership|collaboration|problem solving|negotiation|adaptability	security|documentation|training|CISCO CCNP|Palo Alto Networks Firewall|CompTIA Security+|CompTIA Server+|CompTIA Network+|CISSP
Director of Information Technology	Microsoft SQL Server|Infrastructure Management|Application Management|Communication|Customer Service|Integrity|Problem Solving|ERP Systems|Project Management|Systems Integration|Data Security|Automation	Enterprise Architecture Management|Risk Management|Leadership|Business Acumen|Listening Skills|Team Development|Strategic Thinking|Sense of Humor
Technical Sales Representative	technical sales|process improvement|product-based solutions|driver's license|communication|negotiation|teamwork|problem solving|time management|interpersonal skills	adaptability|CRM|market analysis|territory planning|data analysis|customer relationship management
Route Service Sales Representative (4-Day Workweek) - $24/Hour	Sales Skills|Customer Service Orientation|Self-Motivation|Teamwork|Positive Attitude|Organization|Problem Solving	Driver's License|DOT Medical Certification|Inventory Control|Negotiation|Physical Fitness
Inside Sales	sales experience|customer service|communication|critical thinking|time management|teamwork|Microsoft Office 365|data entry|lead generation|cold calling	product knowledge|reporting|self-starter|curiosity|problem solving|sense of urgency
Sales Associate Sunglass Hut	sales|customer service|technology proficiency|communication|teamwork|attention to detail|relationship building	inventory management|visual merchandising|self-motivation|adaptability
Route Sales Professional	stocking|sales data analysis|customer relationship management|inventory management|physical stamina|communication|teamwork|problem solving|adaptability|customer service	time management|merchandising|valid driver's license|DOT medical card|route settlement procedures|safety driving
Aftermarket Sales Rep	Communication|Interpersonal Skills|Organizational Skills|Problem Solving|Time Management|Customer Engagement|Follow-up Skills|Salesforce|Sales Strategies	Product Demonstrations|Quotations Preparation|Territory Management|Business-to-Business Sales|Customer Relationship Management|Computer Skills
Counter Sales	Customer service|Computer skills|Communication|Teamwork|Problem solving|Adaptability|Time management	Attention to detail|HVAC knowledge|Invoicing|Product procurement|Stock management
Sales Development Representative - US	CRM Systems|Communication|Time Management|Teamwork|Problem Solving|Work Ethic|Eagerness to Learn|Sales Development|Salesforce	LinkedIn Sales Navigator|Email Outreach|Research Skills|Opportunity Management|Listening Skills|Adaptability
Sales Representative	sales|customer service|technology usage|POS systems|product knowledge|communication|interpersonal skills|relationship building	adaptability|teamwork|presentation skills|integrity|motivation|sales presentations
Sales Director, Overland Park, KC	sales strategy|team leadership|Microsoft Word|business development|motivation|work ethic|communication|problem solving	telecom products|CRM systems|Microsoft Excel|coaching|training
Sales Associate	product knowledge|sales techniques|customer service|technology usage|merchandising|communication|teamwork	flexibility|creativity|relationship building|problem solving|customer engagement
Sales Executive [28224]	Relationship Building|Salesforce|CRM|Healthcare Technology Sales|Data Analytics|Statistics|Analytical Projects	Communication|Problem Solving|Adaptability|Creativity
Salesperson	sales|customer relationship management|time management|technical skills|presentation skills|merchandising|computer skills|communication|organization|professionalism	judgment|relationship building|golf equipment knowledge|order securing and renewing|golf-related outside sales experience|club fitting|passion for golf
Art Gallery Sales & Marketing Associate	sales|marketing|event management|communication|interpersonal skills|organization|multitasking|detail-oriented|charisma|flexibility|social media management	Mailchimp|Canva|Adobe Creative Suite|art selling techniques|website management|shipping and operations|writing|passion for contemporary art
Regional Sales Director	Communication Skills|Interpersonal Skills|Organizational Skills|Relationship Building|Adaptability|Sales Management|Analytical Skills|CRM Software|Microsoft Office 360|SAP|Business Analytics|Forecasting|Market Analysis|Recruiting|Training and Development	Project Management|Customer Relationship Management|Sales Strategy|Financial Management|Manufacturing Knowledge|Leadership|Collaboration|Problem Solving|Goal Setting|Coaching
Salesperson	sales|negotiation|sales techniques|real estate industry|business administration|marketing|communication|interpersonal skills	relationship building|independence|teamwork|CRM software|Microsoft Office|healthcare industry
PT Sales Associate Cashier	cash handling|customer service|computer skills|payment processing|product knowledge|communication|teamwork|problem solving	attention to detail|adaptability|courtesy|time management|point of sale systems|bagging procedures
Sales Consultant	sales experience|lead generation|account management|product knowledge|market analysis|customer service|motivation|relationship building|communication|problem solving	teamwork|adaptability|construction industry knowledge|safety program communication|proposal generation|aggressiveness
Retail Sales Associate	sales|customer service|communication|technology|merchandising|inventory management|outbound calling|teamwork	problem solving|adaptability|persistence|community engagement|learning orientation|text messaging
Real Estate Sales Agent	CRM Software|Negotiation|Time Management|Team Player|Communication|Organizational Skills|Willingness to Learn|Attention to Detail|Listening Skills|Growth Mindset	Client Relationship Management|NC Real Estate License|Real Estate Sales Experience|Lead Generation|Pricing Strategies|AI Technology
Sales Account Manager	sales|customer service|presentation skills|bachelor's degree|training|communication|relationship building|time management|teamwork|leadership|account management|problem-solving	business solutions|valid driver's license|consultation|adaptability|strategic planning|negotiation|self-motivation|work-life balance
NetSuite Sales Account Manager - Mountain	Sales|Customer Relationship Management|Communication|Problem Solving|Work Ethic|Attention to Detail|Customer Focus|SaaS|ERP|CRM|Negotiation|Business Development	Technical Sales|Contract Preparation|Market Analysis|Teamwork|Adaptability|Emotional Intelligence|Responsiveness|Ownership
Sales Lead - White House Black Market	retail management|customer service|sales techniques|product knowledge|administrative skills|technology adaptation|merchandising|cash handling|inventory management|performance metrics|communication|team leadership	motivation|problem solving|organizational skills|flexibility|customer relationship management|collaboration|feedback reception|time management
Supervisor, Outside Sales	customer experience enhancement|technical skills|computer software applications|team building|interpersonal skills|organizational skills|problem solving|accountability|adaptability|collaboration|time management|sales management|project management|reporting and analytics|telecommunications knowledge|recruitment and training|performance appraisal|leadership	direct sales practices|consumer education|communication
IT Sales Specialist	Sales|Business development|Communication|Relationship building|Team collaboration|Problem solving|Time management|Adaptability	Ecommerce|CRM systems|ERP systems|Presentation skills|Lead qualification|Market analysis
Outside Sales Representative Trainee	sales|communication|negotiation|Microsoft Office|technical experience|product demonstrations|time management|relationship building|customer service|team collaboration|adaptability|networking|prioritization|CRM	engineering
Sales Development Representative	communication|problem solving|analytical skills|time management|negotiation|internet research|customer service|relationship building|business development|interpersonal skills	adaptability|teamwork|creativity|responsibility|attention to detail|stress management
Sales Advisor - Intel Computers	retail sales|customer service|product knowledge|computer hardware|POS system|reporting|training|interpersonal communication|relationship building	problem solving|engagement|teamwork|adaptability|time management|eLearning
Professional Sales Representative	sales|negotiation|communication|interpersonal skills|self-motivation|independence|relationship building|lead generation	building automation systems|energy efficiency concepts|customer relationship management|business degree|engineering degree
Insurance Sales Representative	Sales Experience|Teamwork|Motivation|Reliability|Independence	Communication|Property and Casualty Insurance License|Microsoft Office Suite
Sales Manager - US - Packaging Machinery	Communication|Relationship management|Proactivity|Common sense|Team collaboration|CRM|MS Office|Technical presentations|Blueprints understanding|Sales reporting	Market analysis|Business development|Pre-sales technical assistance|Measurements for layouts|Persuasion|Autonomy
Sales Associate / Key Sales / Seasonal Opportunities - Banter by Piercing Pagoda - Los Cerritos Center - Cerritos, CA	sales|customer service|retail experience|product knowledge|supervisory skills|communication|teamwork|sales techniques|drive|adaptability|desire to grow	problem solving|merchandising|financing options|creativity|integrity|commitment to excellence|charisma
Business Development Sales Representative	sales|business development|customer relationship management|networking|sales presentations|lead generation|appointment scheduling|B2B sales|self-motivated	communication|professionalism|problem solving|time management|adaptability|travel planning
Sales Manager	sales management|team management|business development|time management|sales strategy development|performance monitoring|communication|goal-oriented|self-discipline|positive attitude|persuasion|leadership	organizational skills|personal development|adaptability|professional demeanor|consultative sales|marketing|presentation skills|SaaS knowledge
Sales Associate	customer service|sales|store presentation|communication|teamwork|problem solving|flexibility|relationship building	optimism|authenticity|e-commerce|styling advice|creativity
Insurance Sales Producer	customer service|client relationship management|communication|insurance sales|insurance licensure|prospecting	self-motivation|goal-oriented|teamwork|independence
Sales Specialist, Miami	sales|customer service|inventory management|organizational skills|communication|teamwork|relationship development|multi-tasking|self-starter|independence	collaboration|adaptability|POS systems|asset protection procedures|CRM software|merchandising
Account Director - Leisure Sales (Miami or New York)	sales strategies|client relationship management|business development|communication|problem solving|multi-tasking|initiative|professionalism|interpersonal skills|negotiation|Microsoft Office	presentation skills|leisure sales experience|bilingual (Spanish)|market analysis|industry knowledge (Caribbean/Mexico)|attention to detail|stress management|judgment
Sales Lead	retail experience|product knowledge|sales|merchandising|visual merchandising|customer service|team leadership|communication	problem solving|adaptability|collaboration|enthusiasm|operational management|motivation
Manager Business Sales Agency - Hybrid	sales|organizational skills|analytical skills|software proficiency|client management|teamwork|communication|integrity|people minded|self-motivation	negotiation|presentation|market analysis|results oriented|trust|innovation|optimism
Salesperson	inventory management|communication|customer service|relationship building|problem solving|teamwork|adaptability|time management|automotive system knowledge|store systems knowledge	battery installation|POS systems|parts lookup systems|basic math skills|safety knowledge|diagnostic equipment expertise
Home Care Sales Consultant	sales|communication|problem-solving|relationship-building|healthcare knowledge|technology adaptation|interpersonal skills|decision-making	teamwork|independence|adaptability|community resources knowledge|bachelor's degree|driver's license
Area Sales Manager - South	sales management|data analysis|marketing|customer relationship management|technical product knowledge|communication|self-motivation|organization|team collaboration|problem-solving|creativity|relationship development	flexibility|curiosity|commitment to excellence|territory management|presentation skills|valid driver's license|extensive travel|experience in distribution or manufacturing
Staffing Sales/Full Desk Recruiter	business development|account management|analytical skills|communication|relationship building|organization|teamwork|customer satisfaction	staffing industry experience|market research|sales presentations|contract negotiation|technical sales knowledge
National Sales Specialist	sales|client retention|training|communication|teamwork|problem solving|adaptability|customer service|time management	negotiation|healthcare solutions|commission generation|zoom|tailored solutions|small business healthcare
Sales Director	Microsoft Office Suite|communication|problem solving|relationship building|customer satisfaction focus|sales management|business development|strategic planning|salesforce|contract negotiation	market analysis|mechanical systems knowledge|leadership|team mentoring|analytical thinking|adaptability
Inside Sales Manager	sales management|supervisory experience|business plan execution|sales experience|team management|training and support|communication	leadership|goal setting|teamwork|problem solving|ambition
Salesperson	store systems knowledge|inventory management|safety knowledge|communication|customer service|relationship building|problem solving|teamwork|time management|automotive system knowledge	battery installation|POS systems|parts lookup systems|basic math skills|diagnostic equipment expertise|adaptability
Regional Vice President of Sales	sales|account strategies|team player|self-starter|communication|initiative|relationship building|competitive|problem solving|adaptability|positive representation|CRM	property and casualty certification|e-commerce|salesforce|risk mitigation solutions|outbound prospecting|sales presentations|market analysis|feedback
Sales Development Trainee	sales|communication|organizational skills|time management|customer relationship management|teamwork|problem solving|negotiation|territory management|presentation skills|reporting	valid driver's license|goal oriented|self-motivated|leadership|adaptability|ambition|communication with internal departments
Sales Development Rep - DeForest, WI	Sales|Computer Skills|Time Management|Organizational Skills|Outbound Calling|Communication|Customer Service|Motivation|Multi-tasking	Results Driven|CRM|Internet Sales|Marketing Campaigns Knowledge|Review Management|Vinsolutions Experience
Sales and Service Route Class B Driver *5K SIGN ON BONUS*	Basic computer skills|Math skills|Safety compliance|Vehicle operation|Communication|Problem solving|Time management|Class B CDL|Hazmat endorsement|Physical fitness	Customer service|Route driving experience
Experienced Vacation Ownership Sales Manager - Elite Line	sales training|customer service|organizational skills|planning skills|coaching|performance appraisal|recruiting|process-oriented|leadership|team management|interpersonal skills|communication	problem solving|motivation|relationship building|self-directed|positive attitude|continuous improvement|timeshare sales|administrative skills
Lead Rail Sales Representative	sales strategy execution|customer service|commercial strategy|communication|team leadership|influencing skills|strategic thinking|problem solving|adaptability|collaboration|customer focus|initiative|railcar finance|market analysis|financial analysis|risk management|account management|relationship management|portfolio management|rail industry knowledge|negotiation	salesforce|data analysis
Sr. Channel Sales Engineer	technical presentation|communication|customer focus|problem solving|independence|positive attitude|influence|teamwork|channel sales engineering|messaging security|internet security principles|HTTP|SMTP|DNS	networking topology|TCP/IP protocol|network configuration|firewalls|routers|software sales|security certifications (CISSP, CEH)|empathy|storytelling|listening
Sales & Service Rep - Banking - Permanent Hire	customer service|financial transactions|sales|critical thinking|decision-making|computer systems navigation|listening skills|communication	problem solving|time management|adaptability|teamwork|knowledge of financial products
Territory Sales Manager	sales|relationship management|training and education|self-motivation|persistence|resilience|accountability|genuine personality	communication|teamwork|medical device knowledge|computer skills|order processing|travel
Part-Time Sales Associate - Famous Footwear	customer service|product knowledge|merchandising|retail experience|team player	communication|flexibility|positive energy|self-starter
Part-Time Sales Associate - Denver Premium Outlet	sales|product knowledge|customer service|merchandising|communication|teamwork|engagement|relationship building|positive attitude	compassion|integrity|accountability|inclusivity|cash handling|flexible availability
Dealer Territory Sales Consultant	Sales|Project Management|Email Communication|Phone Communication|Problem Resolution|Customer Service|Communication|Teamwork|Adaptability|Time Management	Goal Orientation|Salesforce|Territory Management|Cold Calling|New Business Acquisition|Account Maintenance|Product Penetration
Service Sales Representative - East Hartford, CT	sales|price estimation|report preparation|customer relationship management|driving record|service-related sales|computer skills|communication|leadership|relationship building	problem solving|teamwork|adaptability|customer service|CRM software|mechanical principles|electrical principles
Food Service Sales Representative	sales|customer relationship management|lead generation|multitasking|problem solving|communication|presentation skills|initiative|goal-oriented|competitive	extroverted personality|adaptability|food service knowledge|competitive analysis|energetic|equanimity under stress
Seasonal Sales Associate - Deptford Mall	Microsoft Office 365 Suite|Customer Service|Communication|Sales|Teamwork|Relationship Building|Results-Oriented	Flexibility|Problem Solving|KWI|POS Systems|Applicant Tracking Systems
Sales Specialist: Diamond and Fine Jewelry (Mandatory Experience in Gemology and Diamond Industry Sales)	sales|customer service|logistics|problem-solving|organizational skills|tech-savviness|communication|interpersonal skills	multitasking|adaptability|gemology|ecommerce|creativity
Sales Associate - White House Black Market	sales techniques|product knowledge|customer service|technology adaptation|organizational skills|multi-tasking|visual merchandising|cash register operation	communication|teamwork|problem solving|customer relationship management|flexibility|feedback solicitation
Seasonal Sales Associate - Glendale Galleria	Microsoft Office 365|customer service|communication|sales|teamwork|relationship building|results-oriented	problem solving|flexibility|POS systems|KWI|Applicant Tracking Systems
Sales Academy Associate- Rotational Program (June 2024 Start)	sales|relationship management|lead generation|account management|sales forecasting|presentation skills|communication|teamwork|problem solving|adaptability|networking|customer focus	trust-building|influence|financial technology|ECRM systems|business strategy|negotiation|mentorship|enthusiasm
Retail Sales Associate Part Time	customer service|cash handling|visual merchandising|sales techniques|inventory management|retail operations|teamwork	communication|adaptability|relationship building|problem solving|positive attitude
Retail Brand Ambassador (Sales Associate)- PT- Medford (702415)	retail experience|merchandising|visual presentation|customer service|communication|teamwork|organization	collaboration|problem solving|POS systems|Microsoft Office|stock maintenance
Sales Account Manager	B2B Sales|CRM Software|Sales Presentations|Business Development|Sales Process Management|Market Research|Communication	Relationship Building|Customer Satisfaction|Problem Solving|Teamwork|Networking
Internal Sales - BSC - Welshpool WA	sales experience|computer literacy|customer service|problem solving|administration|product knowledge|teamwork|communication	reliability|positive attitude|calmness under pressure|willingness to learn|solution-oriented|mechanical aptitude
Branch Sales Specialist (Full Time)	sales|computer applications|communication|teamwork|multitasking|problem solving|adaptability|customer service	order entry|warehouse operations|powered industrial equipment operation|lifting (up to 50 pounds)|leadership|customer loyalty
Sales Representative	Customer Relationship Management|Product Knowledge|Training|Teamwork|Problem Solving|Market Research|B2B Sales|Sales Reporting	Sales|Communication|Building Trust|Adaptability|Persuasiveness|Follow-up|Customer Loyalty|MS Office|Driving
Enterprise Sales Executive	sales|presentation skills|customer relationship management|communication|self-motivation|relationship building|organization|problem solving|work ethic|team collaboration|CRM (HubSpot)|business development|pipeline management|marketing	negotiation|print on demand|direct mail solutions|healthcare industry knowledge|insurance industry knowledge|financial services knowledge|franchise organizations knowledge|adaptability|persistence
Client Sales & Intake Coordinator	sales|customer service|lead management|communication|teamwork|adaptability|attention to detail|positive attitude|problem solving	time management|typing|document management software|bilingual (Spanish/English)|proficiency in Word|proficiency in Adobe
Seasonal Sales Associate	retail sales|customer service|visual merchandising|sales metrics analysis|inventory management|team selling|product knowledge|teamwork|communication|adaptability	problem solving|customer relationship building|respectfulness|accountability|positive attitude|alteration fitting
Sales Coordinator - Westminster, CO	Microsoft Office|Communication|Teamwork|Problem solving|Organizational skills|Self-motivated|Goal-oriented|Interpersonal skills|Adaptability|Salesforce|CRM administration	ERP support|SAP|Data input|Data integrity|Reporting functions|Pneumatic tubing systems|Time management|Listening skills
Store Sales Manager	customer service|team leadership|product knowledge|merchandising|training and development|workforce management|communication|problem solving|teamwork|adaptability|motivation|leadership	customer focus|constructive feedback|interpersonal skills|time management|sales management|KPI management|social media strategy|bilingual (Spanish)
Retail Part-Time Sales Advisor - Savage X Fenty (Cross County Center - Yonkers, NY)	customer service|product knowledge|technology proficiency|interpersonal communication|teamwork|flexibility|self-motivation	problem solving|visual merchandising|inventory management|growth mindset
Sales Associate	customer service|technology proficiency|retail experience|communication|teamwork	problem solving|organization|transaction processing
Director of Sales	sales leadership|budgeting|customer service|interpersonal skills|results driven|team management|problem solving|communication|strategic planning	networking|legal sales|pipeline management|Salesforce.com|court reporting|deposition services
Part Time Sales Associate- CALVIN KLEIN	customer service|retail experience|product knowledge|time management|sales techniques|communication|teamwork|problem solving|adaptability|customer engagement	feedback receptiveness|professionalism|passion for brand|cash handling|visual merchandising|inventory management
Seasonal Sales Associate	retail sales|customer service|team selling|product knowledge|communication|teamwork|adaptability|problem solving|customer relationship building|respectfulness	accountability|positive attitude|visual merchandising|sales metrics analysis|alteration fitting|inventory management
Sales Manager	customer relationship management|interpersonal communication|coaching|leadership|communication|teamwork|time management|relationship building|motivation|sales management	sales strategy implementation|team recruitment and training|sales goal analysis|data analysis|territory management|problem solving|adaptability
Sales Representative I - Boston	customer relationship management|sales tracking|technical aptitude|product knowledge|communication|team collaboration|problem solving|adaptability|time management|customer service	relationship building|sales planning|clinical proficiency|business acumen|compliance training|event coordination|presentation skills
Project Sales Manager	sales management|interpersonal skills|communication|organizational skills|problem solving|teamwork|creativity|customer service|project management|lead generation	market research|CRM software|Microsoft Office Suite|project management tools|business development|customer retention|KPI reporting
Medical Device Sales Internship- KENTUCKY	sales|customer service|record keeping|cold calling|report writing|communication|relationship building|problem solving|time management|self-motivation|teamwork|adaptability	confidence|organizational skills|independence|negotiation|market analysis|consultative selling|product knowledge|strategic outreach
Tire Sales & Installation Associate Part Time	customer service|inventory management|basic computer skills|teamwork|communication|problem solving|adaptability|interpersonal skills|accountability|collaboration|tire installation	safety compliance|propane tank filling|tire repair|tire selection|merchandising|manual transmission driving|integrity|positive attitude
Outside Sales Representative	sales experience|consultative sales|problem solving|relationship building|retail experience|management experience|self-starter|ongoing learning|teamwork|communication|digital marketing	business development|military background|self-employment|adaptability|grit|perseverance|quick-witted
Sr. Sales Manager, Aftermarket Programs	sales growth|market analysis|product knowledge|communication|teamwork|problem solving|adaptability|leadership|customer service|collaboration	customer relationship management|manufacturing processes|technical documentation|safety compliance|data analysis|time management
Salesperson	inventory management|communication|customer service|relationship building|teamwork|adaptability|problem solving|time management|friendly demeanor|automotive system knowledge	basic math|POS systems|parts lookup systems|battery installation|diagnostic equipment|safety knowledge|store systems knowledge
District Sales Manager	chain account management|field sales|people management|leadership|coaching|planning and organizing|teamwork	judgment|communication|Microsoft Office Suite|category management system (Nielsen)|industry data systems
Casual Sales Ambassador - Woodland Hills Mall	customer service|sales techniques|inventory management|consultation-based service|bilingual (Spanish, French)|communication|problem solving|active listening|customer engagement	product knowledge|visual merchandising|teamwork|flexibility|adaptability|inclusivity
Sales Coordinator	logistics|sales|customer service|appointment scheduling|communication|collaboration|willingness to learn|cold calling|market research|Salesforce	Panjiva|ZoomInfo|freight booking|creativity|empathy|enthusiasm
FT Deli Bakery Sales Associate	customer service|merchandising|communication|interpersonal skills|teamwork|problem solving|organizational skills|adaptability|attention to detail|food safety	sanitation|inventory management|computer skills|technical knowledge|food handling|enthusiasm
Senior Manager, Strategic Sales	Sales Leadership|Sales Strategy|Account Management|Sales Enablement|Team Leadership|Interpersonal Skills|Collaboration|Coaching|Customer Focus|Communication|Problem Solving|Adaptability	Strategic Thinking|SaaS|Sales Forecasting|Enterprise Software Sales|Data-Driven Decision Making|Quota Management|Contract Negotiation|Diversity and Inclusion Awareness
Salesforce Developer	Collaboration|Problem Solving|Apex|REST APIs|SOAP APIs|Salesforce Communities|LWC/AURA|Creativity|Flexibility	Time Management|Communication|Leadership|Salesforce|Salesforce Service Cloud|Salesforce Sales Cloud|CTI Integration (Amazon Connect)|System Migrations|Application Design and Architecture|Software Quality Assurance|System Testing Tools|Agile Software Development|DevOps Principles
Sleep Expert - Sales	customer service|product knowledge|visual merchandising|cash handling|training and development|communication|relationship building|teamwork|problem solving|adaptability	customer focus|initiative|sales performance|lifting (up to 50 pounds)|omni-channel experience|social media marketing|feedback acceptance
Territory Sales Manager	outside sales|customer relationship management|self-starter|teamwork|communication	
Counter Sales Representative	cash handling|general math skills|customer service|communication|decision making|ability to learn	teamwork|order management system|Microsoft Office|lifting and loading merchandise
Salesforce Architect - Omnistudio	Analytical Skills|Problem Solving|Communication|Interpersonal Skills|Collaboration|Adaptability|Customer Focus|Salesforce|Omnistudio|Vlocity|Omniscript|Dataraptor|Flexcards	Lightning Components|Salesforce Integrations|Data Studio|Journey Builder|Interaction Studio|Audience Studio|Apex|Technical Design Documentation
Technical Sales Engineer	customer relationship management|communication|relationship building|problem solving|teamwork|product sales|semiconductor packaging|project management|IC assembly products	Microsoft Office|technical presentations|negotiation|leadership|self-starter|adaptability
Partner Sales Manager, Startups, AGS - Startup - NAMER - Partner Sales	business development|customer engagement|relationship building|self-starter|problem solving|cloud solutions|AWS services|software architecture|account management|contract negotiation|technical acumen|sales pipeline management|communication|strategic thinking|collaboration|mentorship|presentation skills|adaptability	sales|leadership|GTM programs
H&M Retail Sales Associate	customer service|merchandising|cash register operation|stock management|product knowledge|safety procedures|teamwork|communication|multitasking	positive attitude|creativity|adaptability|willingness to learn|lifting (20 pounds)|flexible work schedule
Salesperson	Valid Driver's License|Communication|Interpersonal Skills|Relationship Building|Results-Oriented|Teamwork|Independence|Adaptability|Problem Solving|B2B Sales	Sales Target Achievement|Negotiation|Market Research|Product Presentation|Sales Reporting|Pet Industry Knowledge|Bachelor's Degree in Business or Marketing
Regional Sales Manager	sales management|Excel|Word|PowerPoint|business analysis|presentation skills|communication|relationship building|multi-tasking|self-confidence	interpersonal skills|adaptability|judgment|self-management|team collaboration|technology sales|CRM systems
Sales and Business Development Manager, Minerals and Nutrients - Singapore	communication|customer service|teamwork|sales management|project management|market planning|CRM applications|analytical skills|nutraceuticals|food manufacturing	regulatory knowledge|MS Office|leadership|relationship management|negotiation|problem solving
Manager of Customer & Sales Operations	customer service|supervising|problem-solving|analytical skills|organizational skills|PowerPoint|Word|order processing|marketing materials creation|technology proficiency|detail orientation|communication|teamwork	flexibility|creativity|commitment to excellence|ability to manage priorities|interpersonal skills|ERP systems|Excel|data reporting|training and coaching
Sales Engineer	Customer Service|Oral Communication|Adaptability|Planning/Organizing|Active Directory|Windows File Systems|Unix File Systems|Security Hardware|Security Software|Microsoft Exchange|MCSE Certification|MCP Certification	Analytical Skills|Technical Skills|Problem-Solving|Written Communication|Team Collaboration|Presentation Skills|Attention to Detail|Sense of Urgency
Senior Retail Sales Associate	retail experience|customer service|sales transactions|stocking|communication|teamwork|customer experience	organizational skills|flexibility|forklift operation certification|leadership
Sales Specialist	Lead generation|CRM software|Analytical thinking|Communication|Teamwork|Problem solving|Results-driven|Multi-tasking|Salesforce	Quoting process|Technical support|Public speaking|Life sciences knowledge|Time management|Flexibility
Event Sales Specialist	event management|event planning|customer service|sales|organizational skills|time management|communication	relationship building|proactive approach|independent work|B2B marketing
PT Sales Associate, San Marcos, TX	customer service|visual merchandising|cash register operation|technology use|teamwork|communication|positive attitude|flexibility|problem solving	creativity|customer engagement|adaptability|office equipment operation|manual labor|lifting and carrying
Insurance Sales Agent	sales techniques|customer service|time management|organizational skills|communication|goal-oriented	relationship building|adaptability|teamwork|insurance knowledge
Director, Inbound Sales	sales operations|call center management|performance metrics|process improvement|team building|marketing|PowerPoint|Excel|leadership|communication|problem solving|motivation|creativity	customer experience enhancement|collaboration|strategic thinking|adaptability|decision making|budget management|market strategy development|financial analysis|data analysis
Salesforce Marketing Cloud Administrator	Project Management|Communication|Problem Solving|Creativity|Collaboration|Deadline Management|Salesforce Marketing Cloud|Marketing Cloud Email Specialist Certification|Marketing Cloud Connect|Data Models|HTML|CSS|JavaScript|AMPScript	SSJS|SOAP APIs|REST APIs|Project Management Tools (JIRA, Confluence)|Integrations|Analytical Thinking|User Adoption Facilitation|Prioritization|Agile Methodology
Wireless Sales Pro	sales|customer service|problem-solving|communication|creativity|resilience|flexibility	teamwork|high-energy personality|wireless product knowledge|product setup and activation|inventory management
Area Sales Manager (Chattanooga Market)	sales|customer service|credit management|communication|teamwork|problem solving|time management|customer satisfaction|adaptability|relationship building	account management|market analysis|pricing strategy|product knowledge|territory management|delivery logistics|sales presentations
Sales Agent	sales|customer relationship management|computer proficiency|bilingual communication|sales reporting|communication|interpersonal skills|independence	teamwork|problem solving|cold calling|marketing|P&C license
Inside Sales Rep II- REMOTE	sales|negotiation|customer relationship management|sales analysis|product knowledge|account management|industry experience|communication|influence	independence|problem solving|team collaboration|strategic thinking|customer service orientation|sales quotas attainment
Sales Executive	communication|time management|relationship building|self-motivation|adaptability|business to business sales|software sales	healthcare sales|financial sales|overnight travel|real estate knowledge|negotiation
Sales Administrator	Microsoft Office|Project management|Communication|Teamwork|Organization|Attention to detail|Multitasking	Can-do attitude|Salesforce|Excel|Vendor relationship management|Waste stream profiles
Sales Representative	Customer Relationship Management|Culinary Knowledge|Teamwork|Problem Solving|Time Management|Market Research|Product Knowledge|B2B Sales	Sales|MS Office|Communication|Building Trust|Adaptability|Follow-up|Driving|Restaurant Management|Persuasiveness
Sales Operations Senior Manager, Incentive Compensation Lead	data analytics|reporting optimization|collaboration|communication|problem solving|strategic thinking|presentation skills|training development|incentive compensation design|financial operations|Microsoft Excel|Microsoft Access|Microsoft PowerPoint|pharmaceutical data analysis	business analysis|data management|attention to detail
Sr. Specialist- Sales Enablement, Offers Commercialization	market analysis|communication|adaptability|product marketing|product development|Microsoft PowerPoint|Figma|prototype creation|sales material creation|case studies development|B2B experience	technology industry knowledge|payments industry knowledge|storytelling|collaboration|project management|urgency|independence
Sales and Operations Management Trainee	business management|customer service|sales processes|time management|communication|problem solving|attention to detail|team collaboration	results oriented|adaptability|customer relationship management|inventory management|data analysis|valid driver's license
Full Time Sales Lead - Pandora at Mall of America	sales experience|customer service|Microsoft Office 365|analytical thinking|time management|communication|teamwork|leadership|relationship building|problem solving	adaptability|passion for brand|results-oriented|POS systems|KWI|applicant tracking systems
PT Sales Associate	sales experience|customer service|analytical skills|problem-solving|communication|teamwork|listening|collaboration|Microsoft Office|mathematical skills|inventory management	POS transactions|furniture assembly|time management|adaptability|accountability|flexibility|empathy|self-awareness
Mobile Equine Sales Director	sales|customer service|Microsoft Office Suite|order processing|relationship management|communication|self-motivation|rapport building	problem solving|adaptability|teamwork|equine industry knowledge|logistics coordination|physical stamina (lifting 50 pounds)
Associate Director, Sales Development, SMB	Sales Development|Team Management|Customer Acquisition|Sales Metrics Tracking|Hiring and Training|Leadership|Communication|Problem Solving|Adaptability|Collaboration	Cultural Fit|Data Analytics|GTM Strategy|Outbound Methodology|Coaching|Engagement
Sales And Marketing Representative	sales|marketing|negotiation|customer service|communication|teamwork	time management|adaptability|relationship building|presentation
Digital & Visitor Media Sales Executive	B2B sales|sales strategies|client relationship management|communication|interpersonal skills|listening|self-motivation|results-oriented mindset|reliability|detail-oriented|positive attitude	CRM software|advertising solutions|market analysis|presentation skills|networking|creativity|punctuality
Territory Sales Manager	sales|organizational skills|collaboration|communication|interpersonal skills|detail-oriented|problem solving|adaptability|teamwork	customer focus|CRM systems|technical acumen|product presentations|revenue forecasting|electronic industry knowledge
Call Center Sales Retention Rep (Bilingual Spanish) - $18 per Hour Plus Commission & Incentives	order processing|problem solving|customer satisfaction|professionalism|adaptability|teamwork|time management|bilingual Spanish|cable communications products|billing system|product knowledge|competitor analysis	customer service|communication|phone sales
Inside Sales Representative	CRM software|sales|negotiation|marketing knowledge|customer interaction tracking|communication|interpersonal skills|self-motivation|organization|teamwork	detail-oriented|results-driven|collaboration|presentation tools|Microsoft Dynamics|HubSpot
Sales Manager	sales management|customer service|contract negotiation|team leadership|self-motivation|communication|problem solving|professionalism|time management|adaptability|customer relationship management	motivation|project management|CRM software (AccuLynx)|insurance claims processing|roofing installation|estimating and inspections|material ordering|honesty
Technology Sales Representative	customer engagement|communication|problem solving|teamwork|adaptability|customer experience focus|motivation|learning aptitude|technology sales|business-to-business sales|pipeline management|product knowledge|cyber security	cloud data functionality|managed print services|IT services|video security systems|automation services|sales presentations|proposal creation|persuasion
Insurance Sales Agent - Bloomington, IL	Sales Techniques|Product Knowledge|Microsoft Office|Communication|Customer Focus|Sales Skills|Listening Skills|Motivation	Teamwork|Problem Solving|Property & Casualty Insurance License|Life Insurance Sales License|Health and Accident Licenses|Customer Relationship Management (CRM) Software
Retail Sales Manager	customer experience enhancement|communication|interpersonal skills|problem solving|flexibility|sales management|sales strategy execution	performance analysis|action plan development|leadership|motivation
Sales Operations Manager	Microsoft Office|Negotiation Skills|Phone Sales Skills|Attention to Detail|Communication|Problem Solving|Teamwork|Time Management|Adaptability	Professionalism|Customer Relationship Management|Creativity|Salesforce|Technical Support|Billing Management
Client Sales Consultant	B2B Sales|Sales Cycle Management|MS Office (Word, Excel, PowerPoint)|Lead Generation|Negotiation|Time Management|Communication|Active Listening|Customer Service|Persuasion	Problem Solving|Self-Motivation|Relationship Building|Adaptability|CRM Software|Product Demonstration
Retail Sales Associate Part Time	customer service|sales techniques|teamwork|communication|adaptability|relationship building|problem solving|positive attitude	trust and commitment|cash handling|visual merchandising|stock management|retail operations|lifting up to 50 lbs
Sales Proposal Manager	project management|customer proposals|data analysis|team management|reporting|operational improvements|communication|leadership|analytical thinking|customer focus	strategic mindset|collaboration|problem solving|mentoring|engineering|warehouse and distribution knowledge
Entry Level Sales -- No Experience Necessary!	sales|customer service|training|teamwork|communication	problem solving|adaptability|lead generation|creativity
Hershey's Part-Time Territory Sales Associate (Ontario, CA)	sales|merchandising|relationship building|flexibility|adaptability|communication|time management|problem solving|tablet technology|valid driver's license	personal vehicle|auto insurance|lifting (10-40 lbs)|bending and kneeling|wireless internet access|reporting
On-Premise Sales Consultant - NOVA East	communication|relationship building|self-motivation|teamwork|problem solving|customer focus|time management|consultative selling|CRM software|data analysis	mobile device proficiency|customer presentations|product proposals|sales strategy development|market knowledge|adaptability
Part-Time Retail Sales Associate	customer service|sales|merchandise knowledge|cash handling|teamwork|problem solving|customer engagement|basic math|computer operation|technology equipment operation|adaptability|curiosity|inclusivity	communication
Entry Level Sales Representative	customer service|sales|business communication|networking|leadership|self-driven|competitive	willingness to learn|teamwork|problem solving|outgoing
Retail Sales Associate	sales|customer service|communication|technology|inventory management|outbound calling|teamwork|problem solving	adaptability|persistence|learning orientation|time management|merchandising
Sales Manager (Part Time) - 24H210	customer service|merchandise placement|basic computer skills|financial results analysis|communication|teamwork	problem solving|employee engagement|multitasking|retail management
Route Sales Professional Express Route	merchandising|stocking|customer relationship management|inventory management|documentation and paperwork|communication|teamwork|problem solving|time management|adaptability	customer service|attention to detail|sales data analysis|valid driver's license|DOT medical card|route driving|DSD experience
Sales Operations Manager	Sales Operations|Data Analysis|Quantitative Skills|Communication|Teamwork|Problem Solving|Adaptability|Organization|Leadership|Strategic Thinking	Time Management|Excel|PowerPoint|CRM Systems|MicroStrategy|Inventory Management
Sales Associate Target Optical	retail experience|customer service|sales skills|computer skills|communication|multi-tasking|teamwork|initiative|customer relationship building|respectfulness|optical knowledge	point of sale system|optical measurements|basic math skills|technology adaptation|self-motivation|flexibility|positive attitude
Territory Sales Executive - Orlando, FL	Negotiation|Market Analysis|Business Acumen|Project Management|Revenue Generation|Healthcare Knowledge|Communication|Problem Solving|Teamwork|Time Management|Adaptability|Integrity|Customer Service	Listening Skills|Positive Attitude|Confidentiality|Molecular Diagnostics|Consultative Selling|Salesforce.com|Microsoft Office (Excel, PowerPoint)|Strategic Sales Account Planning
Sales Associate/ Business Development Representative [73651]	B2B Sales|Digital Marketing|Virtual Presentations|Customer Relationship Management (CRM)|Analytical Skills|Outbound Calling|Communication|Collaboration	Customer Support|Results-Driven Mindset|Flexibility|Adaptability|Advertising
Manager, Sales Development	Team Leadership|Collaboration|Problem Solving|Adaptability|Communication|Decision Making|Motivation|B2B SaaS Sales|Sales Development Management|Pipeline Campaign Development|Data Analysis	Recruiting and Hiring|Ecommerce Knowledge|Sales Framework Adoption|Root Cause Analysis|Performance Measurement|Empathy|Feedback Provision
Software Sales Engineer	customer requirements gathering|solution demonstration|communication|customer relationship management|presentation skills|cybersecurity|solution architecture|cloud security|data protection|network security|virtualization security|workload security|container security|AWS certification|Azure certification|GCP certification|CISSP certification	CEH certification|technical proposal writing|proof of concept|technical account management|teamwork|problem solving|adaptability|mentoring|collaboration|attention to detail|ambition
Salesforce Vlocity/OmniStudio Developer	Problem Solving|Teamwork|Communication|Salesforce Vlocity|OmniStudio	Insurance Domain Knowledge|Core Development|Consultant Certification
Senior Salesforce Developer	Communication|Problem Solving|Collaboration|Adaptability|Leadership|Training|Analytical Thinking|Salesforce Development|Apex|Visualforce|Salesforce Lightning|Salesforce Flow|RESTful API|SOAP API|Java|JavaScript|SQL|SOQL	NoSQL|JSON|Data Mapping|CI/CD Practices|Git/GitHub|Agile Development|Salesforce Security Settings|Salesforce Customizations|Salesforce Integrations|Salesforce Reports|Salesforce Dashboards|Documentation
Sales & Customer Service	sales support|CRM software|data collection|communication|organization|teamwork|professionalism|problem solving	positive attitude|customer service|Microsoft Office|solar energy knowledge|bilingual
Inside Sales Representative (No cold calls)	sales|customer service|independence|Microsoft Office Suite|CRM software|market research|data entry|needs-based analysis|life insurance knowledge|communication	relationship management|time management|teamwork|flexibility|problem solving|adaptability
Inside Sales Specialist	sales|Microsoft Office Suite|order processing|communication|relationship building|problem solving	teamwork|adaptability|customer service|ERP systems
Sales Enablement & Training Manager	training development|product knowledge|communication|coaching|interpersonal skills|leadership|adaptability|team collaboration|problem solving|sales enablement	curriculum design|project management|data analysis|SaaS sales processes|sales methodologies|certification programs|motivation
Industrial Sales Representative	sales|customer relationship management|communication|teamwork|problem solving|reliability|accountability|project management|price estimation|steel fabrication	industrial lining|material take-offs|abrasion and corrosion protection|creativity|growth orientation|focus on safety
Fleet Solutions Sales Manager	sales experience|strategic customer relationship management|business acumen|account management|data analysis|organizational skills|problem solving|communication|B2B sales	solutions-based selling|time management|negotiation skills|financial acumen|customer service orientation|leadership by influence|effective collaboration
Leisure Sales Manager	luxury hotel experience|sales management|computer software aptitude|hospitality industry applications|communication|self-motivation|teamwork|organizational skills|problem solving|customer service|multitasking	account management|budgeting|Delphi|Cvent|HMS|mathematical skills|flexibility
Sales Manager	sales techniques|store operations|performance metrics analysis|staff management|employee training|customer relationship management|financial reporting|time-keeping management|leadership|communication|problem solving|teamwork	coaching|mentoring|customer service|adaptability|engagement|motivation|compliance management|merchandise layout
In House Vacation Sales Concierge (Phones) *$2,000 Sign-on Bonus Potential!	telemarketing|sales experience|computer skills|persuasion|communication	customer service|flexibility|motivation|concierge services
Sales Account Executive	Microsoft Office Suite|Communication|Relationship Building|Self-Motivation|Organizational Skills|Problem Solving|Teamwork|Conflict Resolution|Results-Oriented Mindset|Interpersonal Skills|Salesforce|B2B Sales	Negotiation|CRM Software|Blueprint Understanding|Business Planning|Sales Presentations|Market Analysis|Lead Generation|Flexibility
Salesforce Technical Lead/ Architect	Communication|Customer Relationship Management|Problem Solving|Documentation|Team Leadership|Risk Management|Salesforce Architecture|Apex Code Review|Globalization Design|Development Patterns|Force.com Development|Object-Oriented Design|SOQL & SOSL	Integration (SOAP API, REST API)|Testing APEX Classes|Salesforce Data Model|Integration Implementation|Code Deployment Process|Performance Tuning|Enterprise Application Integration|Data Migration|Salesforce Certification
Sales Account Manager	account management|business development|sales prospecting|customer relationship management|event planning coordination|computer skills|communication|interpersonal skills|teamwork|adaptability|problem solving|integrity|customer-focused demeanor	self-accountability|collaboration|positive attitude|market research|public relations|logistics oversight|revenue management|CRM systems
Salesforce Developer	Communication|Teamwork|Interpersonal Skills|Problem Solving|Adaptability|Salesforce Development|Lightning Components|Visualforce Pages|Apex Development|JavaScript|HTML|CSS|SQL|Agile Methodology	Database Design Principles|ETL Tools|CMS|CI/CD Systems|Low Code Platforms|RPA|Mobile Development|Mentoring|Stakeholder Management|Influencing Skills
Sales Associate / Jewelry Consultant - Kay Jewelers - Westland Mall - Hialeah, FL	customer service|sales|retail experience|communication|administrative duties|relationship building|flexibility|positive attitude	teamwork|problem solving|jewelry experience|merchandise presentation|financing options knowledge
Sales Consultant	sales experience|customer service|documentation|inventory knowledge|relationship building|listening skills	self-motivation|teamwork|communication|financing applications
Sales Manager	time management|communication|organization|persuasiveness|teamwork|sales management|consultative sales|marketing|business development|team leadership|presentation skills|strategic alliances|SaaS knowledge	sales strategy development|performance monitoring|goal-oriented|self-discipline|positive attitude|personal development|adaptability|professional demeanor
Commercial Sales Manager	business planning|customer relationship management|market analysis|pricing strategy negotiation|communication|teamwork|problem solving|competitive drive|resourcefulness|adaptability|customer focus|relationship building|motivation	strategic thinking|sales strategy development|EBITDA assessment|RFQ generation|product engineering collaboration|cross-functional project participation|OEM knowledge|presentation skills
Apparel Sales Outfitter-1	customer service|merchandising|product knowledge|point of sale system|mathematical calculations|inventory management|communication	teamwork|problem solving|relationship building|adaptability|attention to detail
Sales Manager	sales management|team development|time management|performance monitoring|communication|goal-oriented|self-discipline|positive attitude|persuasiveness|organization|leadership|adaptability	professional demeanor|consultative sales|marketing|strategic alliances|presentation skills|SaaS knowledge|sales strategy development|personal development
Associate, Part Time Sales	customer service|sales|communication|technical training|self-motivated|passionate|caring|teamwork	adaptability|Bluetooth technology|IOT platforms|competitive|knowledge-seeker
Territory Service and Sales Representative	customer service|inventory management|safety training|driving|communication|self-motivation|time management|teamwork|adaptability|customer relationship management|flexibility|problem-solving mindset|mechanical service|preventative maintenance|corrective maintenance|equipment installation|tablet and mobile apps	problem-solving
Sales Consultant	sales|customer service|market research|sales strategies|Microsoft Office Suite|communication|interpersonal skills|teamwork	independence|attention to detail|organizational skills|real estate knowledge|CRM software|negotiation
Sales Associate	reporting|customer service|communication|attention to detail|proactivity|self-motivation|team collaboration	flexibility|POS transactions|visual merchandising|stock organization
Seasonal Sales Associate	retail sales|customer service|sales metrics analysis|product knowledge|communication|teamwork|adaptability|problem solving|customer relationship building|respectfulness	accountability|positive attitude|visual merchandising|alteration fitting|inventory management|team selling
Outside Sales Representative	inventory management|organizational skills|communication|positive attitude|adaptability|attention to detail|business to business sales	knowledge of commercial tires|sales closing|multitasking|competitive nature
Sales And Marketing Specialist	sales|strategic planning|client relationship management|training|communication|teamwork|problem solving	flexibility|initiative|marketing|lead generation
Territory Service and Sales Representative	customer service|inventory management|self-motivation|communication|independent work|flexibility|teamwork|customer relationship management|adaptability|time management|mechanical service|preventative maintenance|corrective maintenance|equipment installation|tablet and mobile apps|safety training|driving	problem-solving
Sleep Expert - Sales	sales|product knowledge|omni-channel experience|social media marketing|training and development|communication|relationship building|teamwork|problem solving|adaptability|feedback acceptance	customer focus|initiative|professionalism|customer service|visual merchandising|cash handling|lifting (up to 50 pounds)
Sales Executive	sales|account management|business development|customer relationship management (CRM)|communication|persistence	teamwork|high energy|problem solving|logistics knowledge
Sales Representative	sales|communication|customer relationship management|lead generation|problem solving|product knowledge|teamwork|adaptability	drive|competitive spirit|kindness|personal growth|negotiation|time management
Sales District Manager	Sales Performance|Communication|Problem Solving|Negotiation	B2B Sales|Cold Calling
Bilingual Sales Assistant Manager	sales|customer service|retail experience|product handling|merchandising|communication|teamwork	problem solving|determination|adaptability|customer empathy|valid driver's license
Sales Executive	sales|lead qualification|communication|relationship building|consultative selling	problem solving|CRM systems|negotiation
Salesperson	sales|customer service|organizational skills|time management|communication|interpersonal skills|self-motivation	goal-oriented|independence|prospecting|sales presentations|roofing industry experience
Sales Associate	product knowledge|sales techniques|customer service|technology usage|merchandising|communication|teamwork|flexibility	relationship building|problem solving|creativity|customer engagement|positive attitude
Outside Industrial Sales Representative (Field Service)	customer relationship management|product knowledge|communication|interpersonal skills|relationship building|problem solving|outside sales|territory management	mechanical aptitude|business planning|service business growth|presentation skills|prospecting
Technical Sales and Proposal Engineer	cost estimation|project management|report generation|communication|relationship building|problem solving|interpersonal skills|team collaboration|customer satisfaction	drive and passion|proposal management|technical analysis|RFQ management|product knowledge|cultural awareness
Director of Sales and Marketing	sales|marketing|customer service|presentation skills|communication|teamwork|leadership|problem solving|organizational skills|interpersonal skills	budget management|networking|reporting|healthcare knowledge|lead generation|adaptability
Fine Jewelry Sales Associate - Full Time - Crabtree	sales experience|customer service|inventory management|computer skills|cash handling|interpersonal communication|team collaboration|customer relationship building|problem solving|time management|attention to detail	professionalism|fine jewelry knowledge|diamond testing|merchandising|repair skills|gemstone identification|adaptability
Field Insurance Sales Agent- Pensacola, FL	Sales Techniques|Product Knowledge|Consultative Selling Techniques|Microsoft Office|Customer Relationship Management|Market-Based Interactions|Communication Skills|Customer Focus|Listening Skills|Ambition|Motivation	Drive|Networking Skills|Problem Solving|Teamwork|Property & Casualty Insurance License|Life Insurance Sales License|Risk Assessment|Insurance Quoting
Inside Sales Specialist	inside sales|tele sales|customer service|Microsoft Office|presentation skills|relationship building|self-motivated|results oriented|strong work ethic|planning and prioritization|adaptability|communication	problem solving|independence|learning agility|pharmaceutical sales|Veeva|data management|business analytics|virtual engagement platforms
Technical Sales Representative - Polydyne	sales strategy|customer service|Microsoft Office Suite|presentation skills|health and safety regulations|market analysis|communication|teamwork|problem solving|self-motivation|innovation	relationship building|decision making|de-watering equipment|clarification equipment|sales quotations|polymer make-down equipment|energy level
Salesperson	inventory management|communication|customer service|relationship building|teamwork|problem solving|time management|automotive system knowledge|basic math|POS systems	parts lookup systems|battery installation|diagnostic equipment|safety knowledge|store systems knowledge|adaptability
Salesforce Developer	Quality Management System (QMS)|Documentation|Problem Solving|Salesforce Development|Apex|Lightning Web Components (LWC)|Apex Classes|Apex Triggers|Batch Processes|SOQL|SOSL|RESTful Web Services|HTML	CSS|JavaScript|jQuery|Platform Developer I Certification|Platform Developer II Certification|Service Cloud|Sales Cloud|Marketing Cloud|Health Cloud
Sales Supervisor - Full Time	retail management|customer service|sales performance|cash handling|merchandising standards|fast-paced environment|interpersonal communication	team motivation|coordination|positive attitude|problem solving
Head of Sales	communication|strategic thinking|relationship building|adaptability|teamwork|sales leadership|business development|stakeholder management|negotiation|deal-closing|budget management	remote team management|corporate sales|market strategy|multilingual communication|cultural awareness|inspiration|performance motivation
Regional Sales Leader	sales|customer relationship management|communication|teamwork|problem solving|adaptability|time management|customer focus|negotiation|management|strategic planning|market analysis	financial analysis|training and development|project management|data analysis|leadership|growth mindset|influencing|coaching
Retail Sales Associate (Part Time)	cash handling|basic math skills|stocking|merchandise selling skills|inventory management|basic computer skills|lifting 50 lbs|communication|teamwork|customer service	independence|enthusiasm|problem solving|adaptability|time management|POS (Point of Sale) system
Field Sales Representative	sales|territory management|product knowledge|diagnostic solutions|communication tools|customer relationship management|presentation skills|medical knowledge|self-motivation|teamwork	pressure handling|attention to detail|goal-oriented|coaching openness|ethical commitment|service orientation
Territory Sales Manager	relationship management|strategic thinking|business acumen|market execution|communication|team leadership|problem solving|collaboration|adaptability|trust building|goal setting	motivation|sales analytics|data analysis|Microsoft Office|beverage industry knowledge|trade analytics|distribution management|cultural awareness
Major Market Sales Executive, Field – Herndon, VA	Problem Solving|Networking|Communication|Interpersonal Skills|Organizational Skills|Self-Starter|Work Ethic|Client Relationship Management|Team Collaboration|Adaptability|B2B Sales|Consultative Selling	CRM Software (SFDC)|Sales Forecasting|Mathematical Aptitude|Presentation Skills|Telemarketing|Sales Database Management|Time Management|Ethical Business Practices
New Home Sales Consultant	sales|customer service|communication|commission-based sales|closing sales|training|competitive spirit|drive for success	coachable|teamwork|adaptability|real estate license|appointment setting|valid driver's license
Sales Manager	sales|strategic planning|client relationship management|communication|listening|multitasking|personable	coachable|charismatic|CRM software|Google Docs
Director of Sales and Marketing	client relationship management|digital marketing|hospitality industry knowledge|social media marketing|integrated technologies|leadership|communication|interpersonal skills|teamwork|initiative|customer service|problem solving|flexibility|coaching|professionalism|motivation|relationship building|adaptability	sales management|revenue management|marketing strategy|financial analysis|data analysis|budgeting|CRM software|presentation skills|contract negotiation|market research|event planning|confidentiality
Sales Administrative Assistant	MS Office Suite|Project Management|Troubleshooting Techniques|Communication Skills|Teamwork|Organizational Skills|Time Management|Customer Service Orientation|Self-Motivation|Attention to Detail|Decision Making	Adaptability|Adobe|Visio|Smartsheet|Mathematical Computations|Technical Solution Design|Professional Certifications (Axis, Milestone, Avigilon)
Territory Sales Executive	communication|customer relationship management|self-motivation|outside business to business sales|flooring industry knowledge|electrical industry knowledge|kitchen & bath industry knowledge	commercial construction knowledge|territory management|negotiation|team collaboration
Sales Executive (Freight Forwarding)	sales|negotiation|contact management database|problem solving|self-motivation|strategic thinking|relationship building|transportation and logistics knowledge|profit and loss statement understanding	consultative selling|communication|drive|freight forwarding|presentation|supply chain management|PowerPoint|enthusiasm
Senior Sales Specialist	sales|client relationship management|training|communication|problem solving|flexibility	customer service|persuasion|healthcare solutions|remote work
Sales Director	sales leadership|leadership|communication|team motivation|customer satisfaction|relationship building|results-oriented mindset|collaboration|cold chain logistics|temperature-controlled packaging solutions	strategic sales planning|sales forecasting|negotiation|market analysis|business development|reporting|strategic thinking
Seasonal Sales Associate	retail sales|customer service|visual merchandising|inventory management|product knowledge|teamwork|communication|adaptability|problem solving|customer relationship building	respectfulness|accountability|positive attitude|sales metrics analysis|alteration fitting|team selling
Sales Director - SAP Projects	Continuous Learning|Communication|Interpersonal Skills|Team Collaboration|Goal-Oriented|Problem Solving|Adaptability|Customer Engagement|Time Management|SAP Services|B2B Sales|Enterprise Software Solutions	Sales Process Management|Proposal Development|Customer Relationship Management|Market Research|Sales Strategy|SAP Module Implementation|Influencing Skills|Creativity
Field Sales Executive – Industrial Printers [3D / 2D]	Communication|Self-Motivation|Proactivity|Collaboration|Adaptability|Problem Solving|B2B Sales|Sales Cycle Management|Technical Aptitude|Market Intelligence	Product Knowledge (3D Printers)|Negotiation Skills|Customer Relationship Management|Presentation Skills|Lead Generation|Travel Readiness
Sales Manager	time management|communication|goal-oriented|self-discipline|positive attitude|organization|problem-solving|personal development|adaptability|professional demeanor|sales management|consultative sales	marketing|team development|strategic alliances|SaaS knowledge|sales strategy development|presentation skills|performance monitoring|leadership
Area Sales Manager	sales|communication|relationship building|problem solving|teamwork|customer engagement|CRM sales tools|business development|product training|sales reporting	capital equipment sales|market knowledge|pipeline management|travel management|adaptability|strategic planning|negotiation
Seasonal Sales Associate	retail sales|customer service|sales metrics|team selling|product knowledge|teamwork|communication|adaptability|problem solving|customer relationship building	respectfulness|accountability|positive attitude|visual merchandising|alteration fitting|inventory management
Seasonal Golf Club Fitter / Retail Sales Associate	customer engagement|teamwork|communication|self-motivation|customer service|problem solving|golf retail sales|golf fitting	product knowledge|club fitting principles|simulator operation|launch monitor technologies|equipment recommendations|flexibility
Outside Sales Representative	communication|relationship building|time management|outside sales|property management sales|construction market sales	commission-based income|hybrid work environment|self-motivation|negotiation
Inside Sales Representative	customer service|attention to detail|organizational skills|communication|multitasking|prioritization|order processing	administrative tasks|data entry|computer proficiency|knowledge of PVF industry
Director of Sales and Marketing	teamwork|communication|organizational skills|attention to detail|self-motivation|multitasking|interpersonal skills|sales strategies|hospitality sales|market research	negotiation|account management|marketing initiatives|Envision Sales|Hyatt systems|data analysis|leadership
Inside Sales Representative	CRM|sales|reporting|communication|self-starter|multi-tasking|organization|prioritization	cold calling|email communication|lead generation|company research|competitive
Inside Sales Representative II	sales experience|Salesforce|prospecting|cold calling|client needs analysis|communication|customer focus|achievement orientation|teamwork|CRM tools|online meeting tools	Microsoft Office|sales presentations|sales forecasting|self-directed|continuous learning|negotiation|adaptability
National Sales Manager	sales|customer service|presentation skills|relationship management|computer skills|multi-tasking|lead management|teamwork|communication|problem solving|initiative	pressure management|follow-up skills|hospitality industry knowledge|research skills|strategic planning|integrity|self-awareness
Sales Engineer	Computer Networking|Project Management|MS Office|Communication|Self-Motivation|Organizational Skills|Analytical Skills|Leadership|Adaptability|Customer Service|CCTV	Technical Presentations|Product Training|MS Project|Technical Support|IP CCTV Products|Video Surveillance Equipment|Problem Diagnosis|Collaboration
Director, Finance	financial analysis|data analytics|Excel|communication|collaboration|problem solving|organizational skills|adaptability|trust building|budget forecasting|financial modeling	financial reporting software|SQL|Tableau|Hyperion|marketing ROI analysis|customer lifetime value analysis|team leadership|curiosity
2024 Finance Summer Internship	financial analysis|accounting|finance reporting systems|analytical support|expense control|reporting|attention to detail|problem solving|tenacity	ability to work under pressure|communication|teamwork|invoice processing|vendor management|curiosity
Director of Finance	Advanced Excel|Financial Planning & Analysis|Team Management|Communication|Collaboration|Strategic Planning|Problem Solving|FP&A|SAP S/4HANA|Power BI	Tableau|Variance Analysis|Inventory Reporting|COGS|Systems Integration|Leadership|Presentation Skills
Finance Manager/Director - Receivables & Order to Cash Specialist	financial analysis|financial reporting|accounting principles|Microsoft Excel|team leadership|team development|receivables management	order to cash (O2C) process|record to report (R2R) process|financial systems|ERP platforms (SAP, Oracle)
Finance Manager	financial modeling|financial analysis|Microsoft Excel|data analysis|reporting|forecasting|accounting|financial services	problem solving|communication|analytical thinking|attention to detail|innovation|teamwork
Assistant Director of Finance-Kimpton George Hotel	accounting|finance management|Microsoft Office Suite|Excel|budget preparation|financial reporting|cost efficiency analysis|tax management|communication|organization|detail-oriented	leadership|problem solving|teamwork|adaptability|Peoplesoft|bank reconciliations|inventory record keeping
Senior Director of Finance or Controller	financial management|budgeting|account reconciliation|financial reporting|accounts payable management|leadership|communication|interpersonal skills|analytical skills|organizational skills|collaboration|presentation skills	problem solving|forecasting|profit and loss reporting|GAAP compliance|ERP systems (Great Plains)|lease accounting|public accounting|financial statement preparation
Event Finance Manager	budgeting|forecasting|financial analysis|accounting|ERP accounting software|financial reporting|interpersonal skills|relationship building	attention to detail|communication|team collaboration|problem solving|Microsoft Excel|FP&A software
Consultant, Financial Services, Consumer Finance l Forensic and Litigation Consulting	compliance|financial analysis|risk assessment|report writing|data analysis|project management|business development|communication|teamwork|problem solving|leadership|adaptability|client relationship management|organizational skills|collaboration|regulatory knowledge|consumer protection regulations	banking
Finance and Admin Manager	accounting|finance|payroll management|budgeting|bank reconciliation|QuickBooks|data analysis|strategic planning|teamwork|communication|analytical skills|independent work|organizational skills|confidentiality	adaptability|client interaction|problem solving|economics|Microsoft Excel|Microsoft Word|Microsoft PowerPoint|Microsoft Outlook|Adobe|presentation skills
Manager, Accounting & Finance | Family Office	General Ledger Management|Budgeting and Forecasting|Cash Flow Management|Team Leadership|Communication|Collaboration|Problem Solving|Mentoring|Analytical Thinking|Attention to Detail|Adaptability|Trustworthiness|CPA|Financial Statements Preparation|Tax Compliance|Investment Accounting|Trust Account Management|401K Administration	Accounting|Financial Analysis|Internal Controls
Auto Finance & Insurance Manager - City Auto Group	customer service|computer proficiency|time management|communication|attention to detail|work ethic|relationship building|prioritization	automotive finance|insurance management|deal structuring|leasing|state law compliance|decision-making
Senior Finance Manager	financial analysis|budgeting|accounting principles|financial operations management|communication|interpersonal skills|adaptability	strategic thinking|forecasting|Reynolds and Route One software|automotive industry knowledge
Finance Director	financial analysis|accounting principles|MS Office|Excel|regulatory compliance|leadership|communication|results-oriented|forecasting|financial management software|data analytics	budget management|PowerPoint|audit processes|financial modeling|organizational skills|team-oriented mindset|proactive|self-motivated
Senior Director of Finance	financial reporting|data analysis|financial statements preparation|financial compliance|strategic thinking|communication|problem solving|team development|collaboration|adaptability|innovation|financial planning and analysis|financial modeling	budgeting|forecasting|capital allocation|scenario analysis|financial systems implementation|leadership|project management|mentorship
PeopleSoft Finance Techno-Functional Consultant	Gap Analysis|Reports Development|Analytical Thinking|Problem Solving|Communication|Collaboration|Attention to Detail|PeopleSoft FSCM|SDLC|Business Requirements Gathering	Application Configuration|Interface Development|Enhancements|Conversion Specifications|System Testing|Integration Testing|UAT
Finance Accounting Manager	Accounting Principles|Regulatory Requirements|Financial Reporting|GAAP Standards|Budgeting|Forecasting|Internal Controls|Tax Reporting|Public Accounting Experience|Leadership	Communication|Collaboration|Analytical Skills|Problem Solving|Presentation Skills|Task Management|CPA License
Sr Manager Finance (Calhoun, Georgia, United States, 30701)	finance|communication|attention to detail|time management|organizational skills|persuasion|teamwork|analytical skills|leadership|negotiation|accounting|budgeting|financial analysis|zero based budgeting (ZBB)|expense forecasting|SAP FICO	SAP SAC|Blackline|Business Objects|Business Intelligence|SQL queries|project management|data management|financial reporting|automated BI tools|conflict resolution
Finance Manager	financial management|accounting|financial reporting|budgeting|QuickBooks|Microsoft Office|data analysis|audit coordination|policy development|vendor management|teamwork	communication|attention to detail|self-motivation|organizational skills|confidentiality|analytical thinking|strategic thinking
Finance Director	financial management|accounting|budgeting|auditing|revenue management|cash flow management|financial forecasting|cost benefit analysis|collaboration|communication|leadership	strategic planning|problem solving|ownership|teamwork|GAAP|tax administration|investment management
Vice President, Portfolio & Transaction Management - Value Chain Finance	receivables monetization|financial analysis|data analysis|documentation review|communication|teamwork|problem solving|adaptability|client relationship management|drive|collaboration|attention to detail|time management	interpersonal skills|securitization|asset based lending|supplier finance products|credit risk assessment|transaction management|regulatory compliance|modeling|structuring experience
Finance and Strategy Associate	financial analysis|risk assessment|quantitative methods|cash flow projections|capital allocation|reporting|accounting|budgeting|forecasting|analytical skills|attention to detail	collaboration|communication|strategic thinking|creativity|professionalism|can-do attitude|financial modeling|cost of ownership calculations
Client Finance Analyst I	accounting|finance|Microsoft Excel|budget preparation|general ledger reconciliation|client service|communication|time management|problem solving|analytical skills|attention to detail	interpersonal skills|self-starting attitude|critical thinking|teamwork|project accounting|revenue recognition|invoicing|Salesforce
Trade Finance Associate	trade finance|banking principles|business relationship management|marketing|communication|collaboration	trade instrumentation|UCP 600 guidelines|negotiation|independence
Finance Project Leader	project management|project management tools|budget management|communication|leadership|critical thinking|problem solving|time management	detail-oriented|project management frameworks|change management|business requirement documents|quality assurance|negotiation
VP, Finance and Investor Relations	relationship management|leadership|communication|team collaboration|problem solving|networking|debt acquisition|equity acquisition|financial analysis|negotiation	real estate finance|risk mitigation|market analysis|joint venture agreements|investor relations|term sheet creation|strategic thinking
Project Finance Portfolio Management, Director	financial analysis|administration|energy sector knowledge|independent oversight|problem solving|communication|analytical thinking|decision making|attention to detail|team collaboration|project finance	credit monitoring|portfolio management|credit risk assessment|amendment/consent/waiver analysis|infrastructure knowledge|oil & gas knowledge|mining knowledge
Finance Manager (US)	financial analysis|auditing|accounting|strategic planning|performance metrics|business case development|communication|relationship management|teamwork|problem solving|leadership|adaptability	customer focus|data visualization|financial modeling|advanced analytics|risk management|innovative thinking|influencing|mentorship
Global Investment Research, Regional Banks and Consumer Finance, Associate	financial modeling|data analysis|analytical skills|communication|resourcefulness|Excel|teamwork|attention to detail|multi-tasking	investment research|finance|initiative|accounting|valuation
Finance and Operations Director	financial oversight|budgeting|financial analysis|accounting|HR management|operations management|reporting requirements|data analysis|financial statements preparation|software systems adoption|leadership|interpersonal skills|team management|communication	collaboration|problem solving|detail-oriented|relationship building|strategic planning|QuickBooks|policy development|grant management|equity and inclusion advocacy
Sr Finance Analyst	accounting|finance|US GAAP|internal controls|data analysis|financial forecasting|process improvement|financial metrics|communication|presentation skills	teamwork|problem solving|analytical thinking|adaptability|cost accounting|SAP|SARBES-OXLEY
Finance and Building Administrator	financial transactions|advanced computer skills|office software proficiency|report creation|data analysis|project management|vendor management|communication|customer service|attention to detail|organizational skills|problem solving	teamwork|independence|initiative|decision-making|interpersonal skills|budget management|facilities management|Stanford financial systems
SAP CFIN Consultant - Central Finance	Design|Discussion Facilitation|Team Collaboration|SAP CFIN|Material Master|UOM|Material Type	Valuation Class|Customer Management|Vendor Management|G/L Configuration|G/L Testing
Assistant Professor of Finance	Ph.D. in Finance|CFA Charter|College Level Teaching Experience|Research in Finance|Advising Students|Curriculum Development|Teaching Excellence	Student Development|Mentoring|Collaboration|Communication|Diversity and Inclusion
Finance Specialist	financial analysis|financial reporting|accounts payable|accounts receivable|accounting principles|Microsoft Excel|tax regulations|analytical skills|communication	attention to detail|independence|collaboration|financial modeling|financial analysis software|CPA certification
Finance Manager	financial management|financial modeling|data analysis|forecasting|Excel|PowerPoint|Oracle|Hyperion|interpersonal skills|collaboration	problem solving|adaptability|leadership|communication|intellectual curiosity|results-driven
Director/VP Project Finance	documentation|financial analysis|leadership|communication|relationship building|problem solving|presentation skills|strategic thinking|project finance	debt financing|tax equity|financial modeling|sensitivity analysis|due diligence|capital markets
Vice President Finance	financial reporting|compliance|team leadership|analytical skills|accounting|communication|interpersonal skills|mentorship|collaboration|problem solving|adaptability|financial strategy|budgeting	forecasting|risk management|investment analysis|financial modeling|private equity|venture capital|MBA|CPA|strategic thinking
Finance Administrator	Microsoft Excel|Microsoft Office|Spreadsheet creation|Time management|Organization|Communication	Problem solving|SAP|Chart creation|Pivot tables
Assistant Vice President Finance	Insurance Management|Attention to Detail|Organizational Skills|Multitasking|Communication Skills|Interpersonal Skills|Collaboration|US Payroll Processing|Tax Regulations Compliance|Financial Planning and Analysis	Financial Reporting|ADP Software|Financial Software (Excel)|401(K) Administration|Invoice Processing|Contract Administration|Confidentiality
Fundamental Fixed Income (FFI) - Director, Leveraged Finance Research	analytical skills|interpersonal skills|mentoring|communication|relationship management|teamwork|leadership|financial modeling|Bloomberg|Excel	PowerPoint|Aladdin platform|credit risk assessment|high yield bonds|leveraged loans|capital markets
Head of Corporate Finance (Sr. Director / Director)	budgeting|project management|leadership|communication|interpersonal skills|problem solving|analytical skills|teamwork|adaptability|strategic thinking|financial planning|forecasting|financial analysis|financial modeling	GAAP|financial reporting|Anaplan|Excel|Netsuite|Salesforce|Tableau|critical reasoning|influencing
Director of Finance And Accounting	financial strategy|corporate budgeting|financial reporting|operational efficiency|finance and accounting systems|payroll administration|accounts payable|accounts receivable|expense processing|compliance standards	leadership|communication|collaboration|problem solving|training|policy development
Vice President of Finance	organizational skills|attention to detail|collaboration|communication|relationship building|problem solving|leadership|financial planning|budgeting|financial analysis|cost accounting|forecasting|financial reporting|operational efficiency	project management|accounting procedures|data analysis|knowledge of NewStar|knowledge of IBM TM1|residential home building experience|land acquisition analysis|vendor management|proactive attitude
Sap Finance Control Consultant	Financial Accounting|Project System|Management Accounting|Teamwork|Communication|Analytical Skills|Customer Orientation|Results-Oriented|Independence|Time Management|High-Quality Deliverables|SAP|General Ledger|Accounts Payable	Accounts Receivable|Fixed Asset Accounting|Inter-Company Accounting|FI Integration|S/4 HANA|Test Planning|Cutover Planning|Post Go-Live Planning|ERP Modules (MM, HR, PP, PM)
Sr. Finance Analyst	financial analysis|client account management|software tools utilization|proactive approach|client-friendly|teamwork|adaptability	excel|financial modeling|enthusiasm|work-life balance
Oracle Finance  Fusion Lead	Problem-Solving|Communication Skills|Interpersonal Skills|Teamwork|Relationship Building|Oracle HR|Oracle Applications|Integration Techniques|Oracle Fusion Technology|General Ledger|Fixed Assets	Cash Management|ERP Systems|Business Process Consulting|Relevant Certifications in Oracle Finance|Analytical Skills|Active Listening|Independence
Vice President, Finance Investments	financial analysis|project management|MS Office Suite|Excel|business acumen|critical thinking|analytical skills|organizational skills|problem solving|communication|leadership|interpersonal skills	professionalism|adaptability|team collaboration|financial modeling|underwriting|C++|Python|financial due diligence
Fractional Finance Consultant	finance|accounting|financial oversight|business operations|financial recommendations|supervision	project management|communication|commitment|partnership
Account Executive, Finance Cloud	revenue forecasting|analytical skills|quantitative skills|communication|collaboration|adaptability|problem solving|sales methodologies	prospecting|negotiating|closing|product demonstrations|consultative sales|customer feedback incorporation
Associate / Associate Director of Asset Management, Finance, and Investor Relations	financial analysis|financial reporting|budgeting|risk assessment|market research|business writing|cash flow projections|variance analysis|strategic planning|presentation skills|leadership|communication|analytical thinking|attention to detail	initiative|integrity|teamwork|self-starter|asset management|real estate|financial modeling|investor relations|property management
Finance / Project Assistant	financial reporting|accounting processes|Microsoft Office Suite|foreign currency hedging|process improvement|attention to detail|communication|team collaboration|time management	adaptability|self-motivation|SAP|project documentation|invoicing|order entry
Director, R&D Finance	financial management|financial modeling|investment analysis|budget management|risk assessment|strategic planning|strategic thinking|problem solving|leadership|collaboration|communication	analytical skills|analytics tools|ERP systems|forecasting|resource allocation|financial governance|infrastructure forecasting|organizational change management
Product Strategist - Embedded Finance	operations management|cost forecasting|revenue forecasting|strategic thinking|collaboration|communication|problem solving|leadership|client advisory|payments processing	embedded finance|payment platforms|banking|SLA negotiation|API familiarity|software development|consensus building
SAP Product Manager (S/4 HANA - RTR Finance )	Financial Accounting|Data Analysis|Cost-Benefit Analysis|Communication|Collaboration|Problem Solving|Customer Focus|Leadership|Adaptability|Strategic Thinking|Teamwork|SAP ERP|Product Management|Stakeholder Management|S/4 HANA	Agile Methodologies|Requirements Elicitation|ERP Implementation|Technical Writing|Project Management Tools|SOX Compliance|Six Sigma|Oracle Cloud ERP|Negotiation|Influence
Finance Manager, Ops Finance IPAT	financial analysis|strategic planning|data analytics|automation|cash flow management|leadership|collaboration|problem solving|communication|adaptability|critical thinking|continuous learning|risk management|financial modeling	budgeting|data interpretation|working capital management|SQL|MS Access|Oracle|SAP|variance analysis
Strategic Finance Analyst	financial analysis|strategic planning|data analysis|reporting|communication|interpersonal skills|action-oriented|problem-solving|collaboration|adaptability|subscription-based business models	revenue modeling|Excel modeling|Google Workspace|SQL|data visualization|influence|storytelling
Finance Analyst - Electrolyzers	financial analysis|budget preparation|statistical reporting|variance analysis|financial reporting|project management|data consolidation|risk identification|financial modeling|communication	teamwork|leadership|problem solving|adaptability|analytical thinking|coaching|cost modeling
Finance Manager (SaaS)	operational finance|financial analysis|budget preparation|entrepreneurial mentality|communication|problem solving|analytical thinking|collaboration|FP&A	SaaS industry experience|degree in finance|degree in accounting|advanced Excel|M&A due diligence|recurring revenue models
Vice President Finance	accounting|financial reporting|financial analysis|budgeting|Microsoft Office Suite|data analysis|internal controls|financial systems|cash flow management|financial statements preparation|cost management|capital project management|leadership|communication|analytical skills|problem solving|teamwork|organizational skills|adaptability	proactive approach|continuous learning|attention to detail|multitasking|forecasting|derivatives|business development|risk management|creativity|networking|mental toughness|entrepreneurial mindset
Sr. Finance Manager, Capital Planning	financial reporting|variance analysis|budgeting|financial forecasting|GAAP|MS Excel|data analysis|SQL|MS Access|compliance auditing|communication|leadership|problem solving|initiative	independent judgment|relationship building|integrity|collaboration|presentation skills|adaptability|capital planning|financial modeling|PowerPoint|cash flow projections
Director of Finance	financial management|accounting|financial forecasting|budgeting|cost analysis|GAAP compliance|DCAA audits|financial reporting|financial analysis|internal controls|leadership|communication|strategic planning|team management|negotiation|problem solving	mentoring|analytical thinking|adaptability|collaboration|job costing|payroll management|Deltek systems administration|cash flow management|tax compliance|government contracting
Manager Supply Chain Finance Standardization	financial reporting|data visualization|project management|analytical tools|communication|collaboration|problem solving|interpersonal skills|leadership|time management|adaptability|continuous improvement	data analytics|PowerBI|Tableau|SAP|data aggregation|supply chain finance|intellectual curiosity|coaching
Director of Finance	Leadership|Communication|Mentorship|Relationship Building|Team Collaboration|Financial Operations|FP&A|Budgeting|Cash Flow Management|KPI Analysis|Accounting|Oracle NetSuite ERP|Financial Reporting|Cost Analysis	M&A Experience|Tax Compliance|Audit Coordination|Financial Modeling|Analytical Thinking|Detail-Oriented|Problem Solving|Adaptability|Entrepreneurial Mindset
Manager, FP&A-Strategic Tech Finance	budgeting|forecasting|P&L management|presentation development|project management|process improvement|communication|problem solving|collaboration|influencing|prioritization|delegation|analytical thinking|leadership|methodology development	financial analysis|financial modeling
Staff Data Engineer - People & Finance Tech (Remote)	Leadership|Collaboration|Problem Solving|Communication|Continuous Improvement|ETL|ELT|SQL|NoSQL|Postgres|Spark|Scala|Java|Python|C#|Docker|Kubernetes|Azure|Powershell|Git|GraphDB|Big Data	Hive|Kafka|Gatling|Dynatrace|Grafana|Spring Boot|REST|GraphQL|CI/CD|PowerBI|Qlik|Microstrategy|Mentoring|Adaptability|Psychological Safety
Finance Manager	Excel|PowerPoint|forecasting|financial reporting|budgeting|GAAP|data analysis|multi-tasking|analytical thinking|presentation skills|organizational skills|flexibility|team collaboration|problem solving|time management|IFRS	accounting|finance|communication|TM1|SAP|royalty payments|headcount reporting
Volunteer: Opportunity Alert: Finance Coordinator needed for Cyber Defense & Intelligence Center	accounting|finance|financial software|financial reporting|financial analysis|organizational skills|time management|communication|interpersonal skills	attention to detail|problem solving|teamwork|GAAP|Excel|grant accounting
Finance Manager	budgeting|forecasting|financial analysis|financial reporting|ERP systems (Oracle, SAP)|advanced Excel|accounting principles|performance indicators|communication|presentation skills	leadership|collaboration|analytical thinking|strategic thinking|problem solving|financial planning
Lead Relationship Manager, Project Finance - Power and Renewable Energy	market analysis|marketing strategy|teamwork|communication|problem solving|leadership|strategic thinking|adaptability|project finance|negotiation|credit analysis|financial modeling|portfolio management	business origination|loan documentation|energy infrastructure|customer relationship management|financial services|regulatory compliance|mentoring|customer service
Director of Finance	financial reporting|accounting|data analysis|general ledger management|financial statements preparation|internal accounting control|balance sheet analysis|communication|analytical skills|team management	problem solving|Jenzabar|Cognos|audit coordination|banking relationships|presentation
Finance Leader - Corporate Development	financial analysis|financial oversight|project management|communication|teamwork|problem solving|independence|integrity|accountability|M&A valuation modeling|FP&A oversight	business intelligence applications|scenario analysis|valuation concepts and methods|market evaluation|collaboration|curiosity|adaptability|creativity
Director of Finance	ERP implementation|financial forecasting|accounting protocols|business process optimization|mergers and acquisitions integration|leadership|mentoring|cross-functional collaboration|communication|strategic thinking	problem solving|relationship management|ROI analysis|monthly pricing analysis|net working capital management|risk assessment
Senior Finance Manager,  BTS Shared Services	financial planning and analysis|budget management|data presentation|business metrics development|project management|supervisory experience|cost analysis|communication|collaboration|problem solving|independence	adaptability|leadership|results-driven|dealing with ambiguity|operating expense projections|financial advisory support|risk management
Sr. Director of Accounting and Finance	Accounting Principles|Financial Management|Accounting Software|Analytical Skills|Time Management|Data Presentation|Leadership|Project Management|Teamwork|Communication|Interpersonal Skills	Resourcefulness|Creativity|Motivation|Relationship Building|CPA Licensure|Grant Management|Diversity Awareness
Director of Finance	Accounting|Financial Analysis|Budget Preparation|Financial Reporting|Regulatory Compliance|Internal Controls|Management Control Systems|Cash Management|General Ledger Management|Payroll Management|Accounts Payable|Accounts Receivable|Training and Development|Leadership|Communication|Teamwork|Problem Solving|Analytical Thinking|Attention to Detail	Time Management|Interpersonal Skills|Decision Making|Adaptability|Conflict Resolution|Mentoring|CPA|Statistical Analysis|Cost Reimbursement Reporting|Financial Audits|Fixed Assets Management|Financial Policies
Syndicated & Leveraged Finance Analyst	financial analysis|Microsoft Excel|Microsoft PowerPoint|writing skills|presentation skills|attention to detail|critical thinking|communication	initiative|teamwork|time management|proactive|capital markets knowledge|Microsoft Word
Director of Finance-Kimpton Armory Hotel Bozeman	accounting|financial analysis|budgeting|cash flow management|Microsoft Office Suite|project management|data processing|communication|detail-oriented|organizational skills|critical thinking	leadership|adaptability|teamwork|problem solving|financial modeling|PeopleSoft|tax compliance|coaching
Finance Product Data Owner	data management|data analysis|data governance|financial products knowledge|excel|MS Office|data quality remediation|presentation skills|communication|problem solving|critical thinking|relationship management|self-motivation	team collaboration|project management|mentoring|adaptability|JIRA|process mapping|data lineage|data quality tools
Vice President Finance	accounting principles|communication|teamwork|financial management|liquidity management|asset/liability management (ALM)|profitability reporting|financial analysis|cost accounting|data analytics|CPA	CFA|financial forecasting|strategic planning|leadership|problem solving|advisory skills|engagement|ownership
Finance Accounting Consultant	Financial Reporting|Project Management|Cash Flow Management|Consolidated Financial Statements|Budgeting|Forecasting Tools|Financial Management|Communication|Organization|Teamwork|Problem Solving|Leadership|Analytical Thinking|CPA|MBA|US GAAP|IFRS	FP&A|Financial Systems Implementation|Financial Analysis|Cost Allocation|SEC Reporting|Internal Control Policy|Process Redesign|Software Requirements Definition|Customer Service|Adaptability|Attention to Detail|Collaboration
Finance Accounting Associate	advanced excel|cost accounting|managerial accounting|financial reporting|data analysis|invoice auditing|teamwork|communication|customer service|time management	organization|problem solving|self-motivation|adaptability|incentive program management|financial close process
Finance Sales Manager - Remote	financial training|finance|relationship management|verbal communication|written communication|travel management|teamwork|problem solving|adaptability|time management|presentation skills|strategic thinking|lease training	secured transactions|deal pricing|credit understanding|consultative selling|solution selling|equipment finance|negotiation|customer service
Operations Finance Analyst II	financial management|budget analysis|cost accounting|cash flow analysis|Microsoft Excel|accounting principles|professional accounting qualification (ACCA/CPA/CIMA)|communication|analytical skills|organizational skills|project administration|adaptability|problem solving|time management	teamwork|attention to detail|profitability analysis|Microsoft PowerPoint|SharePoint|VBA|SQL|Power BI|RPA
Finance Support Manager	finance|forecasting|budget management|financial operations|data analysis|communication|team collaboration|adaptability|problem solving|ambition|geographical mobility|workforce management	accounting|leadership development|FP&A
Accounting & Finance Recruiting Associate	accounting|finance|negotiation|customer service|data management|communication|interpersonal skills|motivation	detail-oriented|teamwork|recruitment|job sourcing|candidate screening|networking
Director of Finance	financial reporting|budgeting|accounting|internal controls|auditing|financial analysis|cost management|performance measurement|project evaluation|leadership|communication|team management|interpersonal skills|problem solving	strategic thinking|employee relations|training and development|adaptability|hospitality industry experience|contract negotiation|purchasing systems|capital budgeting|customer service
VP, Technology Finance	financial analysis|budgeting|strategic planning|financial regulations|accounting principles|risk assessment|data analysis|leadership|communication|collaboration|problem solving|interpersonal skills|strategic thinking	relationship building|teamwork|forecasting|financial reporting|return on investment analysis|CPA|MBA|mentoring|inspiration
Finance Manager	headcount forecasting|Oracle Hyperion Essbase|data management|quantitative analysis|forecasting|financial reporting|presentation skills|communication|collaboration|organizational skills|attention to detail	problem-solving|interpersonal skills|influencing others|proactive approach|big picture thinking|financial modeling|Workday|business case development
Finance & Accounting - Staff Accountant	Excel|organizational skills|attention to detail|adaptability|communication|GAAP|account reconciliations	financial statement audits|journal entries|financial schedules|balance sheet analysis
Director of Finance	finance|accounting|budget preparation|financial statements|Microsoft Office|accounting software|financial forecasting|data reconciliation|financial analysis|communication	interpersonal skills|leadership|teamwork|problem solving|statistical data compilation|ethical conduct|discretion
Senior Finance Manager	data analytics|team management|leadership|communication|problem solving|collaboration|strategic thinking|adaptability|financial strategy|budgeting|forecasting|financial analysis|capital expenditure planning	business intelligence tools|cost accounting standards (CAS)|enterprise resource planning (ERP)|financial metrics development|financial reporting|strategic planning|innovation|engagement
VP, Deposit Finance - Expense & Productivity	financial analysis|financial planning|data analysis|cost-benefit analysis|ROI calculations|financial modeling|customer experience optimization|leadership|communication|teamwork|organizational skills|problem solving	prioritization|relationship building|proactivity|detail-oriented|resourcefulness|Microsoft Excel|Hyperion Financial Systems|management financial dashboard
Project Finance Associate - 1890298	Due Diligence|Communication|Professionalism|Time Management|Organizational Skills|Attention to Detail|Collaboration|Project Finance|Renewable Energy Projects|Financing Documentation|Purchase Agreements|Partnership Agreements|Credit Agreements	Security Agreements|Pledge Agreements|Depositary Agreements|Development Agreements|PPAs|EPCs|Site Control Agreements|Interconnection Agreements|JD or LLM
Finance Accountant (Upstream oil and gas)	accounting|financial reporting|financial statement preparation|journal entries|statutory reporting|communication|teamwork|planning|stakeholder engagement	presentation skills|problem solving|SAP|S4 HANA|oil and gas industry knowledge|Big 4 experience
IRNext Rotational Program - Finance	finance|communication|teamwork|leadership|problem solving|interpersonal skills|accounting|financial analysis|budgeting|cost accounting|inventory management|project management|internal controls	compliance|treasury|data analysis|adaptability|initiative|organization|self-starter|analytical thinking
Program Finance Intern	Microsoft Excel|Microsoft Word|Microsoft PowerPoint|Database applications|Communication	Organizational skills|Teamwork|Professionalism|Adaptability
Treasury Manager - Finance	Treasury Operations|Global Bank Account Management|KYC|AML|FATCA|ION IBAM|Excel|Project Management|System Administration|Data Consistency|Analytical Skills	Attention to Detail|Communication Skills|Interpersonal Skills|Teamwork|Organizational Skills|Multitasking|Problem Solving|Training and Guidance
Financial Analyst, Global Functions Finance	financial planning and analysis (FP&A)|data analysis|budgeting|forecasting|variance analytics|business modeling|data manipulation|automation|problem solving|communication|teamwork|influencing|adaptability|analytical thinking|collaboration|SQL	reporting solutions|strategic thinking|data infrastructure|ownership
Finance Senior Director (Firm Client Service)	financial management|budgeting|financial analysis|P&L management|reporting|data analysis|strategic planning|performance metrics|leadership|communication|collaboration|problem solving|adaptability	team development|influencing|forecasting|cost analysis|M&A activity|creativity|change management|storytelling
Director of Finance and Data Analytics, Penn Signature Services	financial analysis|budget management|financial reporting|Microsoft Excel|accounting principles|business planning|PowerPoint|relationship management|process optimization|leadership|communication|critical thinking|problem solving|organizational skills|team management|independence	collaboration|presentation skills|employee development|data analytics|revenue cycle management|SQL|statistical software (SPSS, SAS)|financial modeling|data mining|healthcare finance
Senior Finance Associate	accounting|finance|communication|teamwork|leadership|problem solving|attention to detail|time management|financial statements|tax returns	QuickBooks|portfolio monitoring|investor relations|compliance filings|credit analysis|fixed income|public accounting
Sr. SAP Finance Consultant/Architect	Training Development|Problem Solving|Interpersonal Skills|Trust Building|Coaching|Stakeholder Management|Adaptability|SAP FICO|Financial Reporting|Process Automation|Business Requirements Documents (BRDs)|Financial Analysis|Technical Solutions Design|Critical Analytics|Detail-Oriented	Communication|Collaboration|Leadership|S/4 HANA|Agile Methodologies
Strategic Finance Manager	financial analysis|budget management|financial forecasting|data analysis|financial software|communication|analytical skills|interpersonal skills|collaboration|problem solving|innovation|financial planning|financial modeling|advanced Excel	GAAP|eCommerce|marketplace experience
Equipment Finance Sales Coordinator Sr - HTF	transaction management|documentation review|data entry|financial analysis|sales support|process improvement|multitasking|self-motivation|teamwork|mentoring	MS Excel|client service|communication|time management|organizational skills
Director Business Finance	budgeting|strategic planning|leadership|training methodologies|communication|teamwork|problem solving|influencing|relationship building|collaboration|critical thinking	financial reporting|forecasting|financial analysis|cost control|Microsoft Office|pressure management|performance evaluation
Sr Analyst - Finance Technology	Data Analysis|Business Process Improvement|Data Accuracy|Communication|Interpersonal Skills|Organizational Skills|Problem Solving|Multi-tasking|Attention to Detail|Decision Making|Adaptability|Oracle Cloud ERP|Oracle Cloud EPM|Google Looker	Oracle Reporting Tools|BI Publisher|OTBI|Financial Reporting Studio (FRS)|Essbase|SmartView|Systems Testing|General Ledger|Meeting Facilitation
Director, P&T Finance	financial planning|financial analysis|P&L management|budget tracking|reporting|data analysis|strategic planning|team leadership|communication|collaboration|problem solving|adaptability	credibility|self-direction|project management|engagement|influence|business partnering|financial modeling|creativity
Finance Manager	financial analysis|budget management|financial reporting|accounting software|Microsoft Excel|cash flow management|accounts payable|analytical skills|communication skills|leadership	team management|attention to detail|problem solving|collaboration|risk management|CPA certification|payroll management
Finance Specialist - 1771249	financial reporting|data analysis|communication|organizational skills|time management|collaboration|problem solving|accounts receivable	billing|accounts payable|Microsoft Office|Excel|TABs3
IT Finance Operations Manager	financial analysis|budget management|data aggregation|financial forecasting|reporting|process improvement|communication|teamwork|interpersonal skills|problem solving|collaboration|leadership	adaptability|relationship building|organizational skills|verbal skills|HR administration|vendor negotiation|analytical modeling|IT policies and procedures
Senior Project Finance Attorney	negotiation|communication|problem solving|commercial awareness|teamwork|adaptability|project finance|corporate finance|syndicated credit facilities|non-recourse portfolio financing|mezzanine financing	restructurings|capital markets transactions|tax equity transactions|legal drafting|legal compliance|risk management|legal advice|time management
Director, Commercial Finance	financial leadership|sales planning|financial analysis|financial reporting|analytical tools|compliance|business partnering|teamwork|communication|leadership|relationship building|problem solving|self-starter|coaching|adaptability|consensus building|pricing strategy	revenue growth management (RGM)|financial systems
Finance Analyst	accounts receivable|financial reporting|cash management|data analysis|client service|adaptability|communication|teamwork	problem solving|attention to detail|time management|billing|Microsoft Office|practice management software
Director of Finance / Controller	financial management|accounting principles (GAAP)|budgeting|financial analysis|financial management software|inventory management|tax preparation|auditing|financial reporting|cash flow management|change management|strategic planning|performance reporting|problem solving|leadership|communication|teamwork|attention to detail|judgment	flexibility|collaboration|self-reliance|results-oriented|conflict resolution|stakeholder engagement|cost accounting|negotiation|government contracts|mentoring|influence|creativity
Finance Manager	financial analysis|cash flow management|bank reconciliations|financial reporting|accounting|information systems|compliance|process improvement|sales reporting|communication	teamwork|problem solving|initiative|adaptability|manufacturing finance experience|CPA
Regional & Specialty Banking Finance Manager	financial planning|financial analysis|budgeting|forecasting|performance metrics|problem solving|collaboration|analytical thinking|regulatory reporting|variance analysis	communication|leadership|team management|time management|presentation skills|mentoring|self-starter|Excel|PowerPoint|data analysis|financial modeling|Essbase
Area Finance Manager	financial management|budgeting|data analysis|financial reporting|accounting|forecasting|project management|communication|problem solving	analytical skills|organizational skills|relationship building|teamwork|entrepreneurial spirit|compliance
Finance Manager	accounting|financial reporting|financial analysis|cash management|accounts receivable|accounts payable|tax management|risk management|financial compliance|investment analysis|GAAP|CPA|communication|leadership|analytical thinking|strategic thinking|collaboration|problem solving|team management	ethical standards|budgeting|financial planning|financial software|cost control|IFRS|ERP systems|Excel|financial modeling|CFA|CA|confidentiality
V.I.E. Sustainable Finance Analyst	MS Office|finance|communication|presentation|teamwork|autonomy	cooperation|sustainable finance|ESG advisory|sustainability
Assistant Finance Director	accounting|finance|budget preparation|financial reporting|supervisory skills|revenue collection|accounts payable|payroll functions|planning|organizing|management	communication|problem solving|teamwork|customer service|utility billing|fixed assets management|public administration|government financial officer certification
Senior Analyst, Strategic Finance	data analysis|operational planning|KPI evaluation|reporting|strategic finance|communication|teamwork|problem solving|attention to detail|adaptability|credibility	cross-functional collaboration|consensus building|financial modeling|economic frameworks|investment analysis|SaaS experience|consulting
Vice President Finance	broker-dealer operations|regulatory reporting|financial analysis|GAAP compliance|tax planning and compliance|accounting processes|financial reporting|data reconciliation|margin calculations|risk management|operations management|cash management|financial responsibility rules|bookkeeping|SIPC compliance|FINRA examination support|audit support|financial systems integration	B.S. in Accounting or Finance|analytical skills|interpersonal skills|communication skills|collaboration|discretion|strategic thinking|problem solving|leadership|reliability|adaptability|Series 27
Finance Manager (Top Secret Clearance Required)	financial management|program management|financial reporting|financial tools and systems|communication|teamwork|problem solving|interpersonal skills|attention to detail|analytical thinking|adaptability|leadership|budgeting	contract administration|statistical analysis|earned value management system (EVMS)|government financial systems|military interdepartmental purchase requests (MIPRs)|financial forecasting|program and budget submissions|top secret clearance|PMP certification
Finance Manager	financial analysis|budgeting|reporting|Microsoft Excel|accounting software|data management systems|communication|interpersonal skills|teamwork|organizational skills|problem-solving|independence|adaptability	attention to detail|grant accounting|compliance|accounts payables oversight|financial modeling|GAAP|annual audit preparation|customer service|time management
D365 F&O Finance Consultant	Training|Accounting|Finance|Business Administration|Problem Solving|Attention to Detail|Critical Thinking|Client Relationship Management|Teamwork|Time Management|Communication|Adaptability|D365 Finance	ERP Systems|Business Requirements|System Design|Software Configuration|Testing|Deployment|Quality Assurance|ISV Solutions
VP/Director of Finance	budgeting|leadership|team management|communication|analytical thinking|planning|organizational skills|accountability|detail-oriented|execution|job costing|GAAP|MRP|Deltek Costpoint	cost accounting|MS Office|forecasting|financial reporting|IFRS|financial regulations|CPA|MBA|integrity|prioritization
Senior Finance Manager, Reporting Innovation	financial reporting|FP&A processes|MS Office|change management|leadership|analytical skills|communication|influence|problem solving|adaptability|collaboration|intellectual curiosity|data analytics	SAP|SOX compliance|RPA|NLG|AI|ML|multi-ERP systems|innovation
Senior Manager, Digital & Events Finance - CNBC	finance|accounting|advanced excel|financial analysis|budgeting|cost tracking|P&L management|operational forecasting|ad-hoc analysis|communication	analytical mindset|problem solving|collaboration|detail oriented|self-starter|judgment|investment modeling
Director,  Finance	financial analysis|accounting|financial reporting|budgeting|financial planning|compliance|information systems|management|communication|leadership|strategic thinking	problem solving|team management|adaptability|interpersonal skills|negotiation|health care finance|political awareness
Finance - FP&A Analyst	financial analysis|Microsoft Excel|Power BI|SQL|accounting principles|financial forecasting|data interpretation|financial reporting|financial systems transformation|collaboration	attention to detail|organizational skills|stakeholder engagement|project management|communication|SEC filings analysis
Finance Manager	financial strategies|data analysis|financial reporting|budget management|forecasting|cost control|business partnership|decision making	detail-oriented|analytical skills|actuarial services|Microsoft Office Suite|healthcare financial management
Regional Finance Process Manager	accounting|finance processes|data analysis|Excel|communication|teamwork|problem solving|change management|continuous improvement|service-oriented approach|SAP|Blackline|Cadency	process development|project management|O365|Power BI|KPI measurement|negotiation|facilitation|networking
VP of Structured Finance, Asset Backed (ABS) Credit	credit analysis|team collaboration|communication|analytical thinking|problem solving|ABS products knowledge	MBS knowledge|CRE knowledge|CMO knowledge|residential markets knowledge
Director of Finance - Managed Communities	financial accounting|GAAP compliance|financial reporting|budgeting|auditing|financial analysis|tax compliance|general ledger management|team mentorship|strategic finance|communication|organizational skills	teamwork|problem solving|leadership|adaptability|customer service|Microsoft Office|healthcare finance|confidentiality
Finance Supervisor/Manager - Healthcare	financial reporting|financial analysis|ERP systems|cash flow management|bank reconciliation|report preparation|leadership|communication|problem solving|attention to detail|analytical thinking|collaboration|SOP development	SQL|data mining|risk management|healthcare finance|contract interpretation|claims analysis|medical terminology|reimbursement methodologies|team management
Finance Manager	finance|accounting|financial analysis|risk management|internal controls|data analytics|performance management|operational excellence|business planning|forecasting|leadership	communication|teamwork|problem solving|strategic thinking|adaptability|collaboration|decision making
Accounting and Finance Consulting Manager, Fund Services Plus, Location Flexible	financial reporting|private equity|Microsoft Office Suite|analytical skills|graduate degree|compliance|communication|teamwork|problem solving|work ethic|organizational skills|influencing skills|adaptability|client service orientation|fund accounting	fund accounting software|Allvue|CPA|limited partnership agreements|cash management|quality control|audit coordination|carried interest calculations|onboarding processes|positive attitude
Intern - Finance and Accounting	accounting|finance|data analysis|ERP systems|SOX compliance|PC skills|communication	attention to detail|professionalism|teamwork|problem solving|ESG reporting
Data Solutions Analyst II (Managed Care - Finance Focus) - R7269	Communication|Collaboration|Problem Solving|Adaptability|SQL|Data Warehousing|ETL|Databricks|Power BI|Tableau	Azure|Python|Data Modeling|Data Analysis|Data Security|Microsoft 365 Suite|Attention to Detail
VP / Client, Finance & Strategy Data Scientist Lead – JPM Private Client	data integrity|communication|stakeholder engagement|strategic thinking|problem solving|project management|teamwork|business acumen|transparency|python|data visualization|predictive modeling|time series analysis|machine learning|data mining|tableau|cloud platforms|big data|statistical software|causal-model approaches|data preparation|regressions|text mining|aws|hadoop|apache spark|hive|pig|storytelling|iterative development	sql
Operations Finance Analyst I	financial management|budget analysis|cost accounting|cash flow analysis|Microsoft PowerPoint|accounting principles|financial reporting|audit testing|communication|analytical skills|organizational skills|problem solving|time management|team collaboration	attention to detail|profitability analysis|Microsoft Excel|SharePoint|VBA|SQL|Power BI|RPA|project administration|adaptability
Lufkin Finance Analyst	financial analysis|accounting|Microsoft Excel|data analysis|financial reporting|project management|account reconciliation|communication|organization	time management|flexibility|team collaboration|influencing|KPI tracking|cash flow management
Vice President Finance	financial analysis|asset valuation|financial reporting|variance reporting|leadership|collaboration|communication|strategic thinking|team management|problem solving|adaptability|analytical thinking	cash flow projections|portfolio management|investment sourcing|capital management|dashboard development|due diligence|real estate investment|construction project management
Auditor (Accounting/Finance)	Accounting systems|Excel|Microsoft products|Communication|Organizational skills|Interpersonal skills|Analytical thinking|Time management|Problem solving|Attention to detail|Collaboration	GAAP compliance|External auditing|Budget analysis|Statistical analysis|Cost allocation methods|Grant accounting|OMB Circulars 2 CFR 200|Independence
Renewable IPP - Project Finance and M&A Associate	teamwork|communication|analytical thinking|problem solving|attention to detail|project finance|M&A|investment banking|debt financing	tax equity capital raises|asset acquisitions|divestitures|solar energy|wind energy|battery storage
Finance Specialist - Channel & Customer Marketing	SAP|Accounting|Invoicing|Data Analysis|Organizational Skills|Problem Solving|Attention to Detail|Communication	Teamwork|Self-Starter|Ability to Work Under Pressure|Time Management|Excel
Finance Project Manager	Financial Reporting|Communication|Problem Solving|Team Leadership|Attention to Detail|Time Management|Analytical Skills|Collaboration|Organizational Skills|PMP Certification|SharePoint|Federal Regulations|Technical Reporting	Microsoft Excel|Accounting Concepts|Financial Modeling|Project Management|Grants Management
Analyst/Sr Analyst, Division Finance	data analysis|prioritization|communication|project management|advanced excel modeling	SAP|forecasting techniques|variance analysis|microsoft office software|adaptability|teamwork|ownership|influence change|hyperion|discounted cash flow analysis
Director & Head of Finance	accounting|financial planning & analysis|cash flow management|financial strategies|public accounting experience|mentoring|coaching|relationship management|communication|leadership	initiative|teamwork|self-motivation|independence|collaboration|treasury functions|assertiveness
Finance Analyst	finance|accounting|Microsoft Office|Excel|data integration|contract management|budget forecasting|communication	teamwork|adaptability|analytical thinking|problem solving|Deltek Costpoint
Finance Analyst - External Reporting Team	financial reporting|financial statements preparation|SEC filings|process improvement|teamwork|communication|adaptability|problem solving|time management|leadership|A3 strategy	data analysis|Microsoft Office|financial controls|financial analysis|organization|interpersonal skills|judgment|U.S. GAAP|ESG reporting|SAP|Hyperion Essbase|Workiva Wdesk|diplomacy
Associate, Strategic Finance	financial analysis|financial statement analysis|analytical skills|communication skills|organizational skills|collaboration|adaptability|financial modeling	capital raising|debt capital transactions|business forecasting|M&A support|intellectual curiosity
Finance & Investor Relations Intern (Summer 2024)	teamwork|problem solving|adaptability|financial modeling|data analytics|market analysis|presentation preparation|reporting|Microsoft Excel|financial reporting	communication|organizational skills|leadership|project management
Finance Project Leader	project management|project management tools|business rules|quality review|change management|resource management|communication|stakeholder management|planning	execution|problem solving|team coordination|project management frameworks|debt placement criteria|customer service
Vice President of Finance	financial statement generation|variance analysis|annual planning|financial forecasting|financial modeling|financial project management|accounting system integration|CPA|financial analysis|financing strategies|leadership|interpersonal skills|collaboration	influence without authority|presentation skills|difficult conversations|employee training and development|integrity|strategic thinking|stress tolerance|adaptability
Structured Finance Associate	accounting|finance|MS Excel|compliance reporting|communication|relationship management|leadership	collaboration|problem solving|structured credit products|portfolio accounting
Director of Finance And Accounting	financial reporting|general accounting|operational accounting|cash management|operational analysis|CPA|accounting degree|finance degree|leadership|communication|problem solving|team management|adaptability	analytical skills|budgeting|forecasting|KPI development|Netsuite|high growth organization experience|entrepreneurial environment experience|strategic thinking
VP Finance – Healthcare Services – Rapid Growth, 78810	finance|healthcare services|leadership|strategic thinking|communication|hands-on approach|team collaboration	revenue cycle management|accounting|systems updates|multi-location management|public accounting experience
Finance Director - Titanium Technologies	capital allocation|leadership|communication|collaboration|mentoring|problem solving|influencing stakeholders|innovation|financial analysis|forecasting|strategic financial planning	financial reporting|financial controls|financial systems|business intelligence tools|budgeting|commodity market insights|strategic mindset|continuous improvement
Finance Analyst	financial analysis|forecasting|financial reporting|budgeting|data analysis|financial consulting|process improvement|analytical thinking|strategic mindset|problem solving|time management|collaboration|adaptability|GAAP|inquisitive mindset	Excel|communication|PowerPoint
Senior Portfolio Manager Equipment Finance	commercial loans|credit underwriting|communication|organizational skills|problem solving|teamwork|work ethic|time management|financial modeling	portfolio management|legal documentation|Excel|data analysis|customer service|attention to detail
Transactional Finance Specialist	accounts receivable|billing|Microsoft Excel|financial systems|communication|attention to detail|problem solving|teamwork	adaptability|expense monitoring|reporting|Workday|keyboard skills
Director of Finance, N.A.	accounting practices|budget preparation|financial reporting|profit and loss responsibility|leadership|teamwork|independence|communication|analytical thinking|problem solving|financial analysis	cost accounting|tax planning|financial forecasting|financial systems|CPA|CMA|MBA
Workday Finance Technical Lead	Reporting|Microsoft Office Suite|Project Management|Business Analysis|Data Analysis|Communication|Problem Solving|Attention to Detail|Time Management|Adaptability|Critical Thinking|Workday|Integrations|Data Governance|Analytics Development|Calculated Fields|Workday Studio|BIRT|EIBS|API|XML|XSLT|SOAP|REST	Prism Analytics|Security Administration|Agile Scrum|Dashboards|User Acceptance Testing (UAT)|Technical Support|Data Structures|Cloud Connect|Role-Based Security|User-Based Security|Collaboration|Organizational Skills|Influencing Skills|Customer Support|Teamwork|Training and Development
Document Review Specialist- Finance	negotiation|communication|teamwork|time management|initiative|client interaction|problem solving|equity swaps|contract drafting|ISDA Master Agreement	OTC equity options|risk management|trading agreements|attention to detail|financial regulations|legal documentation
Associate Director, Finance and Controlling	financial analysis|financial modeling|IFRS|management accounting|cost controlling|variance analysis|business modeling|KPI tracking|capital expenditure evaluation|communication	teamwork|problem solving|organizational skills|adaptability|attention to detail|independence
Sr. Manager, IT Business Partner, Finance(Hybrid)	project management|financial analysis|budget management|compliance knowledge|information technology|business analysis|communication|leadership|relationship building|strategic thinking	problem solving|advisory skills|teamwork|IT strategy|cross-functional collaboration|medical device industry knowledge
Vice President, Finance Change Management	project management|financial planning|data management|risk management|process optimization|automation|Microsoft Excel|Microsoft Word|change management|financial operations|communication|interpersonal skills	influencing|flexibility|self-starter|prioritization|teamwork|presentation skills|problem solving|Microsoft PowerPoint
Finance Assistant	general ledger|financial reporting|advanced computer skills|mathematical computations|documentation skills|data analysis|time management|accounting principles|communication|problem solving|attention to detail|teamwork	self-motivation|organizational skills|professionalism|accounts receivable|ERP systems|flexibility|customer service|confidentiality
Finance & Accounting Leader	Accounting|Project Management|Financial Analysis|Reconciliation|Cashflow Projections|Financial Statements Review|Leadership|Communication|Teamwork|Analytical Thinking|Coordination|Problem Solving	Invoicing|Costpoint|Proliance PMIS|Capitalization of Fixed Assets|Escrow Accounts Reconciliation|Bond Fund Management|Construction Management Software|Risk Management
Financial Services Senior Associate/Counsel – Aviation Finance	financing transactions|legal representation|academic performance|interpersonal skills|client focus|problem solving|communication|strategic thinking	adaptability|aviation finance|commercial aircraft leasing|purchase and sale transactions|domestic transactions|cross-border transactions
Finance Manager	financial operations|contract administration|data analysis|financial strategy|variance analysis|leadership|communication|problem solving|organization|customer service|proactivity|attention to detail	collaboration|integrity|budget forecasting|accounts payable|statistical modeling|Lean Six Sigma|CPA|flexibility
Sr Director, Finance	financial analysis|accounting principles|budgeting|financial reporting|financial forecasting|ledger reconciliation|business planning|leadership|communication|strategic thinking	problem solving|advisory skills|team collaboration|data processing|statistical analysis|capitalization methods
Finance Project Coordinator II,	project management|financial analysis|Microsoft Office Suite|process improvement|documentation|financial reporting|data analysis|communication|time management|collaboration	problem solving|flexibility|relationship building|negotiation|attention to detail|business systems knowledge
Early Careers: Accounting/Finance - Internship Summer 2024 -Philadelphia	financial analysis|budgeting|forecasting|reporting|financial modeling|data analysis|accounting principles|collaboration|adaptability|problem solving|communication	attention to detail|time management|critical thinking|teamwork|SOX compliance|auditing|P&L analysis
Finance Business Partner	financial analysis|budgeting|forecasting|data analysis|Microsoft Excel|ERP applications|financial modeling|financial performance indicators	communication|relationship building|critical thinking|adaptability|executive presence|autonomy
Coordinator, Finance	accounting|finance|Excel|budgeting|invoicing|data entry|fixed asset inventory|attention to detail|organizational skills|communication|problem solving	time management|teamwork|discretion|independence|professionalism|Office 365|Adobe PDF
Director of Finance	forecasting|budgeting|business leadership|collaboration|communication|labor reporting|cash flow management|financial controls|policy and procedure operations|month-end close	accounts payable (A/P)|accounts receivable (A/R)|payroll management|ERP systems management|hotel accounting systems|Excel|advisement
Finance Assistant (Interview ASAP)	Excel|Microsoft Office|Accounts Payable|Accounts Receivable|Computer Skills	Customer Service|Multitasking|Willingness to Learn|Adaptability
Finance Project Manager	Analytical Skills|Attention to Detail|Communication|Collaboration|Basel 3 Endgame Regulation	Basel 3 Rules|CRR3 (Capital Requirements Regulation 3)|Credit Risk Knowledge|Policy Writing
Director of Finance	financial management|accounting|GAAP principles|budgeting|forecasting|financial statement preparation|cash flow management|accounts payable|internal controls|risk management|Microsoft Excel|Microsoft Office Suite|leadership|communication|interpersonal skills|organizational skills|analytical skills	negotiating skills|attention to detail|self-motivated|results oriented|confidentiality|ethics and integrity|investment oversight|pension administration|Raiser's Edge software|POS systems|consensus building
Sr Commercial Finance Director, Diabetes Americas Region	financial leadership|strategic insights|financial modeling|analytics|market insights|financial performance reporting|contractual negotiations|data visualization|variance analysis|financial forecasting|team management|business excellence|leadership|communication|collaboration|problem solving|strategic thinking|decision-making|continuous improvement|adaptability|cultural awareness|mentorship	transformation experience|MBA|innovation|CPA|CMA
Vice President Finance	Excel|communication|relationship building|problem solving|self-motivation|teamwork|financial planning and analysis|financial modeling|budgeting|reporting packages|GAAP|Power BI|Netsuite	data analysis|DTC KPIs|consumer packaged goods (CPG) experience|automation|CRM systems|programming (Python/R)|leadership|adaptability|strategic thinking
Corporate Director of Finance	financial reporting|budgeting|accounting standards|accounts reconciliation|financial analysis|internal controls|team management|auditing|financial statements analysis|communication|teamwork|problem solving|leadership	organizational skills|proactivity|independence|trustworthiness|project management|forecasting|cash flow forecasting|contract management|creativity
Corporate Finance Associate	financial analysis|financial reporting|financial statement analysis|budget control|critical thinking|analytical problem-solving|attention to detail|learning agility|initiative|relationship building|self-starter|project management	communication|team collaboration|financial modeling|data visualization|Excel|quantitative analysis|KPI delivery|PowerPoint
Finance and Accounting Intern	accounting|finance|data analysis|financial planning|Microsoft Excel|account reconciliations|general ledger|accounts payable|problem solving|organizational skills|attention to detail|communication|teamwork|customer service	time management|motivation to learn|Microsoft PowerPoint|Microsoft Word|journal entries|accruals|tax|collections|process documentation
Finance Associate	financial modeling|reporting|communication|teamwork|problem solving|stakeholder management|strategic thinking|adaptability	data analytics|portfolio management|industry research|capital formation|analytical tools development
Director of Finance	project management|leadership|analytical mindset|communication|presentation skills|problem solving|financial planning and analysis (FP&A)|accounting principles|corporate finance|budgeting|financial software|QuickBooks|ERP systems|data visualization tools	financial analysis|profitability analysis|cost analysis|financial reporting|KPI reporting|inventory management|collaboration|facilitation skills|interpersonal skills
Director of Finance - 24314	financial reporting|financial analysis|FP&A|P&L management|KPI reporting|data analysis|budgeting|accounting principles|advanced degree in finance	interpersonal skills|leadership|communication|collaboration|problem solving|strategic thinking
Finance Analyst II	financial analysis|data analysis|reporting|expense analysis|reconciliation|trend analysis|communication|presentation skills	problem solving|attention to detail|flexibility|teamwork|financial forecasting|revenue analysis
Vice President of Finance / CFO	financial analysis|financial reporting|regulatory compliance|cash flow management|budget management|accounting|tax planning|financial controls|financial acumen|master's degree in finance or accounting|leadership|communication|teamwork	problem solving|decision making|results oriented|collaboration|organizational skills|financial planning|risk management|investment evaluation|CPA certification
Sr. Finance Manager	budgeting|data analysis|expense management|problem solving|detail-oriented|time management|adaptability|financial planning|financial analysis|forecasting|financial modeling|reporting tools (Hyperion, GEAR)|business case development|strategic planning|collaboration|influencing skills|teamwork	communication|interpersonal skills|business acumen
Public Finance Operations Administrator	public finance knowledge|compliance knowledge|Microsoft Excel|multi-tasking|interpersonal skills|organizational skills|time management|team collaboration|problem-solving|database management	data entry|Microsoft Word|Microsoft PowerPoint|Microsoft Outlook|municipal bonds knowledge|SEC and FINRA regulations knowledge
Senior Financial Analyst - MT Supply Chain Procurement Source Finance - CSS	Financial Analysis|FP&A|Financial Modeling|Cost Analysis|Accounting|Business Process Improvement|Communication|Interpersonal Skills|Influencing Skills|Analytical Skills|Leadership|Teamwork|Negotiation Skills	Intellectual Curiosity|Adaptability|Consolidation|SAP|TM1|JDE|Microsoft Excel|Microsoft PowerPoint
Senior Corporate Counsel - U.S. Bancorp Impact Finance	regulatory compliance|relationship building|teamwork|problem solving|communication|adaptability|collaboration|legal risk management|public speaking|contract negotiation|knowledge of tax credit laws|knowledge of commercial lending laws	commitment to client service|continuous improvement|ethical leadership|commercial transactions|tax credit documentation|pro bono work
Senior Finance Analyst (US)	financial accounting|accounting principles|process improvement|project management|communication|problem solving|teamwork|leadership|adaptability|customer service|interpersonal skills|financial analysis|reporting|data analysis|dashboards|financial controls	risk management|stakeholder management|regulatory compliance|tax knowledge|auditing|business strategy|critical thinking|mentorship|collaboration|discretion|time management
Finance Associate (Hybrid)	financial reporting|client billing systems|Microsoft Office Suite|data analytics|project management|reconciliation|ad hoc reporting|detail-oriented|analytical skills	organizational skills|problem solving|communication|adaptability|service-focused|curiosity
VP Finance – Healthcare Services – Rapid Growth – Private Equity, 78796	accounting|multi-location operations|strategic thinking|tactical execution|communication|leadership|hands-on approach|team collaboration|financial infrastructure|healthcare services	commercial insurer payouts|due diligence|revenue cycle management|private equity|de novo growth|CPA
Manager, Corporate Finance	financial forecasting|data integrity management|reporting metrics analysis|ad hoc analytics|business analysis|cross-functional collaboration|banking knowledge|problem solving|team player|communication|adaptability|time management|leadership potential|Excel modeling|consulting experience|entrepreneurial mindset	market knowledge
Finance Learning Advisor	finance|training content development|employee development programs|PowerPoint|Excel|Word|business processes|financial concepts|learning solutions|communication|teamwork|organizational skills|time management|presentation skills|relationship building|influencing skills	problem solving|ownership|adaptability|positive attitude|collaboration|active listening|innovation|MS O365|SharePoint|Teams|learning metrics
Finance Manager, WW Ops Finance - Trans Support	financial reporting|financial modeling|data analysis|budgeting|forecasting|financial systems|collaboration|problem solving|time management|adaptability|influencing|self-development|leadership	advanced Excel|business intelligence|communication|multi-tasking|SQL|data mining
Workday Finance Technical Lead	Reporting|Finance Data Analysis|Communication|Problem Solving|Teamwork|Analytical Thinking|Adaptability|Workday|Integrations|Workday Studio|Calculated Fields|BIRT|EIBS|Core Connectors|XML|XSLT	SOAP|REST APIs|Workday Prism Analytics|Agile Scrum|JSON|Integration Security|Cloud Connect|Dashboards|Composite Reporting|Workday Security|Business Object Model
Finance Business Partner Specialty Care for Intercontinental	financial analysis|budgeting|accounting|data analysis|teamwork|problem solving|interpersonal skills|financial reporting|financial modeling|sales forecasting	market analysis|project management|commercial models|communication|collaboration|proactive mindset
Director of Finance - The Langham, New York	financial analysis|budgeting|forecasting|financial reporting|financial software (e.g., SunSystems, Infor Q&A, BirchStreet)|tax regulations|computer skills (Word, Excel)|leadership|communication|decision making|organizational skills|teamwork|adaptability|problem solving	customer satisfaction focus|GAAP|internal controls|cash management|hospitality finance|business law|insurance knowledge|employee benefits knowledge|financial projections|mentoring
Lead Software Engineer - Finance (Hybrid)	Problem Solving|Communication|Teamwork|Relationship Management|Hadoop|AWS|Python|SQL|Spark|Java|Data Modeling	Machine Learning|Cloud Computing|ITIL|Service Management|Influencing|Operational Excellence|Change Management
Commercial Lending and Finance Partner	Finance|Communication|Negotiation|Relationship Building|Problem Solving	Commercial Lending|Business Development|Portfolio Management
Finance Intern	Database Management|Microsoft Office|Budgeting|Communication|Interpersonal Skills|Problem Solving|Time Management|Detail Oriented|Teamwork|Adaptability	Excel|Financial Reporting|Data Analysis|Financial Management Systems|Report Building|Data Entry
Sr. Finance Manager	forecasting|financial analysis|project management|data analysis|collaboration|communication|teamwork|problem solving|adaptability|strategic thinking|interpersonal skills|time management|pricing strategy|FP&A	finance|accounting|leadership|MBA
Equipment Finance Collections Specialist II	collections|customer service|administrative tasks|negotiation|record keeping|financial services|regulatory compliance|communication	problem solving|teamwork|customer-centric approach|operational efficiency|skip tracing|training
AVP, Health Plan Finance (Texas)	financial analysis|accounting|financial forecasting|financial reporting|budgeting|data analysis|leadership|team development|communication|project management|problem solving|cross-functional collaboration|analytical thinking	adaptability|coaching|stakeholder engagement|healthcare analytics|M&A integration|business intelligence tools|contract pricing negotiation|regulatory reporting|managed care finance
Manager, Finance	financial planning & analysis|forecasting|budgeting|financial reporting|data management|analytics|MS Excel|Oracle|process improvement|leadership|communication|team building|problem solving|organizational skills	flexibility|self-motivation|initiative|customer focus|collaboration|Power BI|HFM/CMR|SAP Analytics Cloud (SAC)|predictive modeling
Mintek Resources- Finance, Senior Manager	Excel|PowerPoint|inventory management|communication|approachability|team collaboration|presentation skills|financial reporting|budgeting|accounting standards|SAGE (Accounting ERP)|Salesforce|data analysis	sales tax compliance|management reporting|CPA or CMA accreditation|leadership|analytical thinking|problem solving|creativity|mentoring|assertiveness
Finance Business Partner, MEP	reporting|communication|problem solving|teamwork|self-starter mentality|adaptability|financial analysis|forecasting|variance analysis|modeling|MS Excel|Google Sheets	US GAAP|SQL|Tableau|Power BI|Workday Adaptive Insights|FP&A EPM platforms|strategic thinking|inclusiveness
Financial Services Risk Management, Structured Finance - Transactions, Manager	project management|regulation compliance|leadership|relationship building|communication|teamwork|analytical skills|problem solving|mentoring|flexibility|structured finance|valuation|fixed income securities	cash flow modeling|Microsoft Excel|Bloomberg|Intex|Moody's Wall Street Analytics|Citigroup YieldBook|pricing tools|integrity
Finance Director	financial management|accounting principles (GAAP)|budgeting|financial analysis|forecasting|internal audit procedures|financial reporting|cost control procedures|Microsoft Excel|financial statements preparation|risk management|leadership|communication|problem solving|strategic thinking|interpersonal skills|detail-oriented|analytical skills|team management	cash flow management|statistical analysis|regulatory compliance|data entry|accounts receivable (A/R)|accounts payable (A/P)|general ledger (GL)|revenue recognition|CPA certification|CHAE certification|ethical conduct|training and development
Public Finance - Mid-Level Associate Attorney - DEN	public finance|writing|drafting transaction documents|due diligence|municipal bonds|interpersonal communication|attention to detail|teamwork|problem solving|time management	legal research|securities disclosure|JD from accredited law school|Colorado Bar admission|commercial loans|public-private partnerships
Regional Finance Process Manager	accounting|finance processes|data management|project management|process improvement|analytical skills|communication|teamwork|problem solving|change management|service-oriented approach|continuous improvement mindset|SAP	O365|Excel|Power BI|Blackline|Cadency|negotiation|facilitation|networking
Accounting and Finance Intern	accounting|finance|financial reporting|data analysis|reconciliation|forecasting|communication|teamwork|adaptability|problem solving	initiative|collaboration|Microsoft Office Suite|Netsuite|Oracle Fusion|Bill.com
Finance Manager	Excel|Data Analysis|Financial Analysis|Microsoft Word|Microsoft PowerPoint|Data Reconciliation|Financial Reporting|Process Improvement|Attention to Detail|Time Management|Analytical Skills|Communication|Self-Motivation|Problem Solving|Collaboration|Urgency|Database Management	Liquidity Concepts
AVP Financial Analyst - Commercial Transportation Finance	financial analysis|data analysis|financial modeling|risk assessment|reporting|capital structure evaluation|negotiation|communication|collaboration|problem solving|influence	independent work|relationship building|strategic thinking|teamwork|credit assessment|lending processes|troubleshooting|customer service
Finance Associate	financial analysis|Excel|financial reporting|accounting knowledge|data sourcing|risk revenue estimation|business development pricing|teamwork|problem solving|communication|adaptability|intellectual curiosity	ownership|attention to detail|critical thinking|positive attitude|learning and development|forecast modeling|PowerPoint|ROI analysis
Analyst, Finance Change Management	project management|financial analysis|data management|Microsoft Excel|Microsoft PowerPoint|Microsoft Word|communication|relationship management	teamwork|proactive|self-starter|prioritization|collaboration|presentation skills
Director of Finance	Budget Planning|Monthly Reporting|Communication|Teamwork|Resilience|Integrity|Flexibility|Analytical Skills|Self-Responsibility|Ability to Set Priorities|Project Controlling	International Accounting|German GAAP|ERP Systems (SAP)|MS Excel|Forecasting Methods|Persuasiveness|Curiosity
Director, Global Client Finance	financial analysis|profitability analysis|Microsoft Excel|reporting|data analysis|team management|problem solving|adaptability|proactivity|contract development|compensation modeling	communication|time management|professionalism|self-confidence|resilience|integrity|attention to detail|tolerance for ambiguity|media planning|Hyperion
D365 Finance Business Analyst	Finance Business Analysis|Documentation|Project Management|Communication|Analytical Skills|Problem Solving|Collaboration|Microsoft Dynamics 365 F&SC|Power BI|Integration Methodologies|Reporting Tools	Microsoft Office 365 Suite|D365 F&SC Modules (GL, AP, AR, Cash Management, Fixed Assets, Project Management & Accounting)|Testing and Validation|Configuration of Flows and Workflows|Time Management|Detail-Oriented|Independence|Adaptability to New Technologies
Finance Analyst (Job #247) ($77,056 - $85,028)	budgeting|financial reporting|Microsoft Excel (advanced)|fiscal management software|communication|interpersonal skills|problem solving|attention to detail|teamwork|time management|adaptability|strategic thinking	financial analysis|financial modeling|GAAP knowledge|risk management|data analysis|financial statement analysis|confidentiality|facilitation skills
Oracle Finance Solution Expert (CoE Expert)	Oracle Finance|General Ledger (GL)|Accounts Payable (AP)|Accounts Receivable (AR)|Fixed Assets (FA)|Leadership|Customer Relationship Management|Presentation Skills|Communication|Collaboration|Problem Solving	Solution Architecture|Pre-sales Activity|Oracle Cloud (Fusion) Finance|Accounting Hub Cloud (AHC)|Enterprise Performance Management Solutions|Requirements Gathering|Business Development
Portfolio Analyst-Finance (Indiana: Hybrid/Remote)	financial analysis|data analysis|Microsoft Excel|analytical thinking|collaboration|communication|problem solving|attention to detail|time management	relationship building|independence|project management|budget forecasting|contract management|Workday
Finance Manager	financial analysis|budgeting|forecasting|data analysis|financial reporting|process improvement|people management|bachelor's degree in accounting or finance|communication|teamwork|problem solving|adaptability|leadership|inventory reporting	cost accounting|passion to learn and grow
Sr Manager, Distribution Finance	budgeting|financial analysis|GAAP|ERP (SAP)|Microsoft Excel|accounting|cost management|internal controls|auditing|leadership|problem solving	communication|teamwork|time management|analytical thinking|coaching|adaptability|financial planning|Hyperion
Sr. Finance Systems Specialist	Project Management|Collaboration|Problem Solving|Communication|Training and Support|Risk Management|Finance and Accounting Systems|Process Architecture	System Implementation|Workday|Accounting Center|Prism|FP&A Systems|IT General Controls
Director of Finance	financial analysis|accounting principles|financial reporting|forecasting|data analysis|communication|problem solving|interpersonal skills|budgeting|regulatory compliance	financial modeling|ERP software|leadership|mentoring|team management|strategic thinking|decision making
Finance Manager BUF Vision MEDCEE	financial leadership|financial analysis|project management|communication|interpersonal skills|teamwork|problem solving|time management|adaptability|leadership|strategic thinking|collaboration	P&L management|budget planning|financial reporting|US GAAP accounting|Sarbanes-Oxley compliance|internal controls|business case development|cultural awareness
Financial Analyst, Motion Picture Finance	financial analysis|budgeting|accounting knowledge|MS Excel|variance reconciliation|P&L analysis|problem solving|communication|initiative|cross-functional teamwork	independence|interpersonal skills|project management|cash forecasting|SAP knowledge|film models maintenance|ad hoc analysis
Billing Analyst - Finance	accounting principles|general ledger reconciliation|financial reporting|billing systems|Microsoft Office|analytical skills|communication|problem solving|teamwork|attention to detail|organizational skills	independent work|interpersonal skills|critical thinking|GAAP|Deltek/Costpoint software|financial systems|government regulations
Business Development Manager - VMS/MSP	business development|proposal development|communication|negotiation|relationship building|stakeholder management|self-motivation|results-oriented	team collaboration|MSP|VMS|CRM software|market analysis|competitive intelligence
Business Development Specialist	business operations|insurance knowledge|Microsoft Office Suite|transactional support|data analysis|communication|teamwork|problem-solving	interpersonal skills|flexibility|organizational skills|relationship development|Guidewire platform|keyboard entry (50 WPM)
Business Development Executive (Delaware & Maryland)	business process improvement|relationship management|sales strategy development|customer acquisition|data analysis|communication|interpersonal skills|resilience	multi-tasking|independence|problem solving|organizational skills|market analytics|territory management
Business Development Assistant - Grocery	vendor negotiation|communication|customer service|collaboration|organization|time management|problem solving|adaptability|decision making|interpersonal skills|ability to work under pressure	ability to manage multiple priorities|data entry|merchandising software systems|MS Excel|eCommerce|basic analysis|product information data flow
Business Development Manager	business development|sales strategies|lead generation|negotiation|presentation skills|customer relationship management|market analysis|communication|team collaboration|problem solving|flexibility|influence	listening|adaptability|time management|customer focus|creativity|IOT market trends|embedded/edge technologies|pipeline management
Manager, Business Development and Accounts (PR Agency)	business development|project management|digital marketing|vendor management|teamwork|communication|organizational skills|problem solving|adaptability|relationship building|media relations|public relations|CRM management	proposal development|communications strategy|creative content development|health/life sciences knowledge|education sector knowledge|renewable energy knowledge|PMP certification|sense of humor|passion for purpose-driven work
Business Development Associate	lead generation|data analysis|sales techniques|market research|communication tools|team collaboration|adaptability|problem solving	time management|interpersonal skills|customer engagement|CRM software|presentation skills|enthusiasm
Business Development Manager	CRM|Microsoft Word|Microsoft Excel|Microsoft PowerPoint|Project Management|Marketing|Data Analysis|Communication|Organization	Attention to Detail|Networking|Collaboration|Problem Solving|Adaptability|Business Intelligence Tools
Retirement Plan Services Internal Business Development Consultant	critical thinking|problem-solving|client-focused mindset|relationship building|effective communication|adaptability|teamwork|financial services experience|CRPS designation|financial license series 65|retirement plan knowledge	Microsoft Word|Microsoft Excel|Microsoft PowerPoint|Microsoft Outlook|Salesforce|attention to detail|process driven
Business Development Manager, Facial- Allergan Aesthetics Sugar Land, TX	marketing principles|product knowledge|business development|problem solving|strategic thinking|team collaboration|adaptability|time management|customer focus|leadership|medical sales|consultative selling|contract negotiation|financial management|PowerPoint|conflict resolution	analytical skills|communication|interpersonal skills|Excel|Word
Business Development Representative	lead generation|client prospecting|outbound prospecting|inbound lead management|market understanding|communication|interpersonal skills|organizational skills	self-starter|teamwork|adaptability|CRM tools (HubSpot, Outreach.io, LinkedIn Sales Navigator, ZoomInfo)|product led growth selling|technical understanding of software products
Business Development Manager	account management|client relationship management|revenue target accountability|business development|IT services project management|target oriented|self-motivated|multi-tasking|independent work|communication|can-do attitude	articulate|IT staffing|technical recruitment|sourcing|placing|contractor staffing|aggressive|energetic
Business Development Associate / Physician Liaison	sales|traveling|communication|time management|teamwork|adaptability|problem solving|self-motivation|field marketing	referral generation|event planning|marketing|healthcare knowledge|relationship building|reporting
Business Development Vice President - Healthcare / Pharma Vertical (Remote)	sales strategy|healthcare knowledge|market analysis|sales planning|reporting and analysis|business development|relationship building|teamwork|problem solving|adaptability|data analytics|social impact awareness	leadership|collaboration|negotiation|communication|presentation skills|data-driven solutions
Business Development Specialist	B2B Sales|Customer Service|Sales Generation|Market Knowledge|Organizational Skills|Communication Skills|Follow-up Skills|Self-Motivation	Relationship Building|Engaging Personality|Attention to Detail|Professionalism|Travel Management
Senior Business Development Manager - Lithium-Ion Batteries	business development|sales cycle management|cold outreach|negotiation|strategy creation|autonomous work	hunter mentality|proven track record|communication|battery technology
Business Development Manager	business development|sales|presentation skills|communication|relationship building|self-motivation|initiative|teamwork|problem solving|attention to detail|emotional intelligence|adaptability|entrepreneurial spirit	automation software|software platforms|pipeline management|market research|consultative selling|HubSpot|SalesIntel|task management software|forecasting
Business Development Representative	email marketing|sales performance metrics|Microsoft Word|Microsoft Excel|Microsoft Outlook|communication|attention to detail|organizational skills	multi-tasking|relationship building|creative thinking|adaptability|research skills|positive outlook
Director of Business Development - Alliance Partnerships	communication|Microsoft Office Suite|business development|data analysis|interpersonal skills|creativity|networking|customer satisfaction|problem solving|team collaboration|negotiation|CRM software	Google Suite|sales strategies|strategic planning|partnership management|adaptability|flexibility|leadership|strategic awareness
Principal Business Development Specialist, Portal North Bridge	Microsoft Office|Data Analysis|Report Development|Communication|Problem Solving|Interpersonal Skills|Collaboration|Feedback Management|DBE Program Administration|Contract Compliance|Project Management	Quality Assurance|Procurement Administration|Fraud Monitoring|Presentation Skills|Negotiation|Team Leadership|Training and Coaching
Senior Business Development Manager, Manufacturing Segment	lead generation|sales forecasting|market knowledge|account management|business development|presentation skills|communication|strategic planning|problem solving|collaboration|self-motivation|organization|goal-driven|customer understanding|adaptability|cold calling|proposal development	Salesforce|MS Office
Director, Business Development, Enterprise	business development|sales strategy|market research|customer engagement|team leadership|budget management|analytical skills|project management|communication|interpersonal skills|problem-solving|collaboration	customer orientation|organizational skills|time management|mentoring|motivation|creativity|technical selling|data integrity
Business Development Manager	business development|sales|account management|cold calling|sales planning|B2B sales|presentation skills|customer relationship management|budget monitoring|communication|interpersonal skills|problem solving|teamwork	independence|adaptability|entrepreneurial mindset|relationship building|passion for selling|negotiation|financial analysis|marketing knowledge
Business Development Coordinator	communication|marketing|proposal creation|project management|attention to detail|team collaboration|adaptability|initiative	time management|client relations|problem solving|writing|data management|brand compliance
Director of Business Development	business development|sales|negotiation|persuasion|market analysis|cold calling|strategic networking|client management|presentation skills|communication|relationship building	self-driven|proactive approach|collaboration|interpersonal skills|goal-oriented|freight forwarding|understanding of freight rates|international freight forwarding
Business Development Representative	business development|customer relationship management|self-motivation|team collaboration|communication|sales	negotiation|market analysis|packaging industry knowledge|pressure management
100% Remote | Business Development Manager - B2B Sales | Commission-Based with High Earning Potential	B2B Sales|Negotiation|Communication|Client Engagement|Self-Motivated|Team Player	Initiative|Adaptability|Problem Solving|Procurement Solutions
Senior Business Development Associate	business development|client service|market knowledge|data analysis|Microsoft Office|presentation skills|communication|relationship building|teamwork|motivation|integrity|flexibility	analytical thinking|critical thinking|professionalism|sound judgment|Adobe Suite|CRM systems|social media management|project management
Vice President of Business Development	business development|relationship management|procurement|communication|networking|proactivity|organization|detail-oriented|leadership|team management|federal contracting|proposal writing|cybersecurity|software engineering|systems engineering|military intelligence analytics|contracting	TS/SCI security clearance
Remote Business Development Representative	sales techniques|CRM software|communication|relationship building|persuasion|teamwork	time management|product presentations|virtual communication tools|record keeping
Business Development Specialist	Market Analysis|English Language Proficiency|Relationship Building|Communication|Networking|Adaptability|Strategic Thinking|Collaboration	Problem Solving|KOL Marketing Strategy|User Growth Strategies|Crypto Market Understanding|Data Tracking and Analysis|Mandarin Chinese Proficiency
Business Development (Sales) Manager	CRM|Communication|Negotiation|Networking|Client Relationship Management|Self-Motivation|Presentation Skills|Team Collaboration	Market Intelligence|Sales Data Analysis|Proposal Development|CGMP API Manufacturing|Bachelor’s Degree in Chemistry/Biology/Engineering
Business Development Manager	B2B Sales|Client Account Management|Networking|Communication|Problem Solving|Sales Mindset|Time Management|Team Collaboration|Payroll Outsourcing Sales|Property/Casualty License (220)|Life/Health License (215)	Commercial Insurance Sales|Human Resources Knowledge|Workers Compensation Knowledge|Health Benefits Knowledge|Sales Presentations|Consulting Skills|401K Knowledge|Community Engagement
Business Development Officer NY/NJ	B2B Sales|Client Acquisition|Consultative Sales|Lead Generation|Market Research|Networking|Cold Calling|Communication|Self-Motivation|Team Collaboration	Initiative|Problem Solving|Adaptability|Financial Solutions|Insurance Solutions|Sales Analysis
Business Development Executive	new business development|lead generation|account management|bachelor's degree in business or related field|business acumen	communication|relationship building|sales growth|healthcare industry experience
Business Development Manager	business development|client relationship management|strategic planning|staffing industry knowledge|communication|interpersonal skills|collaboration|adaptability|problem solving	autonomy|time management|sales|market analysis|light industrial sector knowledge|lead generation
Business Development Manager ($75k-$120k+)	business development|sales|customer service|CRM software|computer literacy|revenue target setting|relationship management|interpersonal skills|communication	problem solving|proactivity|teamwork|work ethic|customer focus|negotiation
Business Development Manager (Stability Storage)	B2B Sales|Opportunity Management|Lead Generation Tools|Consultative Selling|C-Level Presentation|Business Case Development|Sales Forecasting|Account Management|Relationship Management|Communication|Independent Judgment	Problem Solving|Teamwork|Negotiation|Adaptability|Customer Focus|Time Management|CRM Systems|Pharmaceutical Industry Knowledge
Business Development Manager	business development|market analysis|sales forecasting|CRM systems|project management|networking|customer relationship management|contract negotiation|trade exhibitions|promotional material preparation|data reporting|communication|decision making|commercial awareness	customer focus|relationship building|team collaboration|adaptability|continuous improvement mindset|technical product knowledge|oil and gas industry knowledge|Salesforce|presentation skills
Business Development Representative	outbound sales|pipeline management|B2B sales|communication|ambition|adaptability|teamwork|problem solving	time management|CRM tools|Amazon sales|e-commerce experience|HubSpot|presentation skills
Business Development Manager	B2B Sales|Lead Generation|Consultative Selling|Market Analysis|Financial Management|Communication|Relationship Building|Results Driven|Personal Effectiveness|Collaboration|Networking|Problem Solving	Trust Building|Urgency|Sales Pipeline Development|CRM Tools (Salesforce)|Territory Management|Service-Oriented Solutions|Staffing Solutions|Ethical Conduct
Business Development Specialist	lead generation|market research|data assimilation|sales experience|event organization|analytical skills|communication skills|relationship building	organizational skills|creativity|independent work|collaborative work|people skills|bilingual (English/Spanish)
Business Development Specialist	business development|strategic partnerships|project management|sales|data analysis|communication|problem solving|analytical skills|relationship building	organizational skills|time management|judgment and discretion|multi-tasking|follow through|Microsoft Office
Business Development Manager	market research|business development|strategic planning|financial analysis|negotiation|data analysis|lead generation|competitive analysis|collaboration|communication|relationship building|leadership	innovation|networking|problem solving|adaptability|product management|assertiveness|intercultural competence|independence
Business Development Manager	Sales Strategies|Client Relationship Management|Sales Pipeline Management|Bachelor's Degree|Communication|Relationship Building|Problem Solving|Time Management|Team Collaboration	Negotiation|Adaptability|Market Analysis|IT Staffing Knowledge|Technical Assistance|Data Tracking and Measurement
Business Development Representative	Microsoft Office|Communication|Collaboration|Problem Solving|Time Management|Customer Relationship Management|Entrepreneurial Spirit|Listening Skills|Sales Techniques|Strategic Thinking	Salesforce|ZoomInfo|LinkedIn|Google Apps|Machine Learning|AI|CRM Applications
Business Development Manager - New York	sales|relationship management|negotiation|marketing planning|customer relationship management software|data analysis|budget management|communication|problem solving|time management|independence|creativity	teamwork|adaptability|credibility|Microsoft Outlook|Microsoft Word|Microsoft Excel|Microsoft PowerPoint|travel planning
Business Development Representative	business development|data analytics|prospecting|client management|communication|persuasion|time management|self-motivation|trust-building|entrepreneurial spirit	team collaboration|learning mindset|salesforce|salesloft|zoominfo|6sense
Business Development Manager	sales management|CRM software|lead generation|customer relationship management|entrepreneurial work ethic|communication|initiative|collaboration|accountability|growth mindset|problem solving|adaptability|teamwork	customer focus|molecular biology|gene synthesis|capital equipment sales|technical presentations|life sciences|cloning|biotech knowledge|trade show participation
Business Development Manager	business development|proposal development|CRM automation software|Microsoft Office|digital systems|strategic planning|data analysis|communication|time management|organizational skills	attention to detail|strategic thinking|problem solving|relationship building|teamwork|clean energy market knowledge|emerging digital tools
Business Development Manager	sales|lead generation|networking|trade shows|customer service|communication|team-oriented|relationship building	tenacity|outgoing attitude|problem solving|CRM systems|Microsoft Office|sales proposals
Private Client Business Development Advisor	Microsoft Office|sales success|communication|relationship building|professionalism|positive attitude|motivation|wealth management|investment strategies|CRM (Salesforce)|capital markets|asset allocation|investment planning	investment management|portfolio construction|risk management|consultative sales|investment management proposals|teamwork|integrity|flexibility|trust building
Business Development Manager	customer relationship management|documentation|communication|teamwork|relationship building|problem solving|adaptability|collaboration|customer-centric mindset|time management|initiative|sales	account management|negotiation|market analysis|product knowledge|strategic planning|presentation skills|ROI analysis|creativity
Sales & Business Development Specialist-Specialty Craft Channel	Sales Metrics Interpretation|Project Management Technologies|Communication|Problem Solving|Teamwork|Detail Oriented|Self-Starter|Customer Relationship Management	Adaptability|Curiosity|Microsoft Office Suite|Excel|ERP Systems|Data Analytics (PowerBI)
Business Development Manager	business development|sales management|customer relationship management|communication|team collaboration|problem solving|adaptability|eagerness to learn	relationship building|market research|clothing industry knowledge|supply chain management|fabric knowledge|pricing strategy
Business Development Specialist (Intellectual Property)	business development|MS Office Suite|CRM systems|data analysis|budget management|networking|relationship management|communication|teamwork|leadership|attention to detail	project management|strategic thinking|independence|marketing|document management systems|online research|event planning|legal concepts
Business Development Manager, Grasslands	Google Earth|MS Word|Excel|PowerPoint|communication|interpersonal skills|networking|time management|flexibility|attention to detail|self-starter|independent work|pressure management	entrepreneurial mindset|land trust network|agriculture|natural resource conservation|voluntary carbon markets|ecological concepts|ARC GIS|mapping software|Adobe products
Business Development Manager	Business Development|Customer Relationship Management (CRM) Systems|Problem Solving|Emerging Technology Knowledge|Recruitment Delivery|Communication|Relationship Building|Adaptability|Customer Service Orientation|Time Management|Team Collaboration|Creative Solutions Development|Organizational Skills|Feedback Provision|Microsoft Office (Word, Excel, PowerPoint, Outlook)|Staffing Solutions	Sales|Market Insight|Business Acumen|IT Staffing
Business Development Manager - Defense Segment	business acumen|market evaluation|higher math knowledge|communication|relationship building|collaboration|problem solving|personal drive|empathy|strategic thinking	influence|defense sales experience|US DOD contract bidding|negotiation|sales funnel management|chemistry knowledge|physics knowledge
Business Development Director	marketing|business development|data analysis|financial metrics|healthcare knowledge|customer service strategies|leadership|communication|team management|problem solving|motivation	strategic planning|collaboration|accountability|adaptability|CRM software|admission processes|reimbursement systems|staff training
Account Executive, New Business Development, HEOR & Market Access	Sales Performance Tracking|Presentation Skills|Communication|Collaboration|Organization|Problem Solving|Client Relationship Management|Teamwork|Adaptability|HEOR|RWE	Market Access|Salesforce|MS365|CRM Platforms|Data Analytics|Lead Generation|Research Services|Prioritization
Business Development Manager	Microsoft Office|Excel|data analysis|budgeting|presentation skills|reporting|communication|interpersonal skills|teamwork|organization|self-starter|detail-oriented	problem solving|goal-oriented|enthusiasm|market research|salesforce|customer database management|sales forecasting|energy industry knowledge
Summer Intern Business Development	sales operations|client fulfillment|data management|proposal development|market research|contract development|communication|creativity|motivation	relationship building|teamwork|outgoing personality|problem solving|sales proposals|CRM systems
Business Development Manager - Audio North America	presentation skills|business strategy|customer relationship management|forecasting|market analysis|problem solving|teamwork|autonomy|customer focus|adaptability|leadership|time management|audio engineering|lighting systems|technical support|Windows applications|product knowledge|project management|technical documentation	sales experience|negotiation|communication|influencing|integrity
Business Development Manager	sales generation|business development|CRM systems|Microsoft Outlook|Microsoft Word|Microsoft Excel|Microsoft PowerPoint|negotiation|lead development|marketing strategies|relationship building	communication|organizational skills|attention to detail|independent work|teamwork|competitive drive|problem solving
Business Development Manager	CRM|Sales Strategy|B2B Sales|Lead Generation|Market Research|Metrics-Based Performance|Communication|Relationship Building|Motivation|Collaboration|Organizational Skills	Detail-Oriented|Entrepreneurial Spirit|Coachable|Creativity|Construction Industry Knowledge|Plumbing Fixtures Knowledge|Humor
Business Development Senior Associate- Remote/South Africa	business development|analytical skills|organizational skills|project management|staffing and management|communication|collaboration	leadership|problem solving|proposal management|graphic design|fluency in Spanish/French/Arabic
Business Development Representative (BDR) - Lead Finder	lead generation|data analysis|proposal preparation|adaptability|communication|creativity|problem solving|team collaboration	proactive mindset|strategic thinking|email marketing|cold calling|digital tools proficiency|automation tools (Zapier, Make)
Food & Beverage Business Development Manager	sales|business development|project management|food and beverage industry knowledge|service excellence|data analysis|communication|initiative|teamwork|problem solving	leadership|entrepreneurial mindset|relationship building|adaptability|supply chain management|consultative selling|risk management
Senior Director, Business Development, Early Phase - US - Remote (Northeast)	sales experience|customer relationship management|business development|strategic planning|problem-solving|networking|communication|presentation skills|teamwork	independence|professionalism|adaptability|bioanalytical services|clinical research|proposal defense presentations
Business Development & Growth	sales|pipeline management|negotiations|customer service|business development|relationship building|communication|teamwork|problem solving|leadership	motivation|coaching|adaptability|resilience|listening|growth mindset
Business Development Representative	teamwork|self-motivation|collaboration|problem solving|adaptability|email communication|telephone communication|outbound campaign tools	presentation skills|integrity|communication|CRM|SaaS|social media communication|LinkedIn Sales Navigator|Apollo.io|Salesloft|Expandi|Reply
Business Development Representative	sales skills|client presentations|negotiation|solution selling|market analysis|reporting|communication|interpersonal skills|teamwork|problem solving|customer relationship management	presentation skills|adaptability|professionalism|CRM|proposal preparation|commercial building knowledge|manufacturing sector knowledge|time management
Business Development Manager	B2B Sales|Account Management|Market Analysis|Microsoft Office|Consultative Selling|Presentation Skills|Communication|Teamwork|Adaptability|Self-Directed|Perseverance	Entrepreneurial Spirit|Networking|Problem Solving|Salesforce|CRM Knowledge|Travel Industry Knowledge|Training and Support
Business Development Specialist (PR-1258349:MAS)	sales|customer support|communication|relationship building|teamwork|driven|competitive nature	collaboration|feedback implementation|brand awareness|hospitality experience|listening
Business Development and Teaming Coach	business development|teaming|data analysis|client relationship management|training|technology integration|communication|initiative|relationship building|collaboration|influence|professionalism	problem solving|financial planning|coaching|succession planning|investment advisory|FINRA Series 7|FINRA Series 66|coaching certifications
Inside Business Development Specialist	sales|MS Office|lead qualification|lead conversion|communication|problem solving|teamwork|adaptability|objection handling|time management|CRM|sales forecasting|technical understanding|high-volume calling	customer focus|mortgage products
Business Development Manager	business development|strategic planning|relationship management|market analysis|execution of strategies|communication	critical thinking|interpersonal skills|goal-oriented|focus
Business Development Manager Healthcare	professional network|administrative support solutions|communication|interpersonal skills|networking	sales skills|self-motivation|healthcare industry experience
Business Development Manager	business development|sales|client account management|business degree|leadership|relationship building|team management|self-discipline|results-oriented|communication	problem solving|project management|recruitment|profit center management|engineering|coaching
Business Development Representative	B2B Sales|Outbound Prospecting|Lead Generation|Sales Strategy|Communication|Relationship Building|Time Management	Influencing Skills|Collaboration|Supply Chain Management|CRM Software
Business Development Manager	technical sales|project management|relationship building|market penetration|communication|teamwork|strategic planning|customer service|problem solving|adaptability|negotiation	leadership|engineering proposals|CRM (Salesforce)|DOT design knowledge|construction estimating|public markets knowledge|water management solutions
Director, NFL Partnership and Business Development	partnership management|event coordination|strategic development|relationship management|cross-functional collaboration|leadership|communication|organizational skills	strategic thinking|relationship-building|adaptability|problem-solving|salesforce CRM|financial modeling
Senior Director, Business Development	business development|sales management|project management|customer relationship management|negotiation|territory planning|lead generation|financial analysis|leadership|communication|strategic thinking	team collaboration|problem solving|adaptability|customer focus|autonomy|interpersonal skills|contract logistics|ecommerce
Director of Business Development	business development strategy|market analysis|Microsoft Office Suite|relationship building|data analysis|creativity|strategic thinking|communication|presentation skills	problem solving|collaboration|proposal writing|Microsoft Teams|Deltek Vision|networking
Business Development Manager	business development|presentation skills|relationship building|teamwork|problem solving|client analysis|competitive analysis|pipeline management|customer relationship management|purchase order management|contract negotiation|market analysis|product development|b2b sales|nutraceuticals industry knowledge|cosmeceuticals industry knowledge|project management|storytelling|negotiation|consultative selling|adaptability|cultural awareness	communication|leadership|sales
Business Development Representative	business development|marketing|client contact|computer skills|software knowledge|project management|communication|mentoring	teamwork|problem solving|career development|technical leadership|CPSM
National Enterprise Business Development Director	business development|account management|financial acumen|sales processes|strategic account management|relationship building|collaboration|communication|problem solving|strategic thinking|leadership	dedication to service|contract negotiation|healthcare knowledge|diagnostics knowledge|supply chain logistics|entrepreneurial strategies|sensitivity|tact
Business Development & Community Relations Manager	CRM systems|sales strategy development|market analysis|business development|project management|communication tools (phone, email, LinkedIn)|relationship building	results-oriented|networking|problem solving|adaptability|team collaboration
Director of Business Development	Sales Strategy Development|Account Management|Business Development|Relationship Building|Analytical Thinking|Problem Solving|Results Orientation	Organizational Skills|Communication|Lidar Sensors|CRM Database Management|Technical Proficiency in Industrial Technology
SVP, Business Development	business development|strategic planning|market analysis|negotiation|leadership|financial analysis|customer relationship management|project management|sales strategy|data analysis|communication|teamwork	problem solving|influencing|mentoring|results-oriented|adaptability|interpersonal skills|strategic thinking|networking
Business Development Manager	business development|marketing campaigns|relationship management|stakeholder engagement|research|cross-functional collaboration|communication|interpersonal skills|teamwork|problem solving|adaptability|negotiation	time management|customer focus|initiative|analytical thinking|lead generation|market analysis|proposal writing|strategic planning
Business Development Manager	sales strategy|customer service|account management|B2B sales|market analysis|product knowledge|sales presentations|territory management|communication|teamwork|problem solving|adaptability	customer relationship management|time management|negotiation|interpersonal skills|initiative|attention to detail|pricing strategy|delivery coordination
Director of Business Development	B2B Sales|Business Development|Revenue Growth|Microsoft Office Suite|Sales Cycle Management|Marketing Solutions|Web Applications|SaaS Applications|Relationship Building|Collaboration|Communication	Problem Solving|Results Orientation|Adaptability|Negotiation|Time Management|Closing Large Deals|Professional Services|Mobile Applications
Business Development Executive	new business development|lead generation|account management|business acumen|bachelor's degree in business or marketing|communication|interpersonal skills|self-motivated|goal-oriented|independent work	collaborative work|relationship building|multi-tasking|enthusiasm|negotiation|video production experience
Business Development Manager	sales|bilingual|market research|client relationship management|SaaS|software sales|strategic planning|communication|team collaboration	problem solving|adaptability|customer service|initiative|growth mindset|hospitality industry knowledge
Business Development Executive- Carlisle, PA	digital marketing|sales|prospecting|lead generation|account management|communication	negotiation|relationship building|time management|problem solving
Business Development Manager	Data Analysis|Team Management|Sales Strategy Development|Market Research|Communication|Leadership|Coaching|Interpersonal Skills|Motivation|Collaboration|Problem Solving	Adaptability|Energy and Enthusiasm|SaaS|DevOps|Salesforce|LeadIQ|Outreach|Sales Navigator
Business Development Executive	Sales|Business Development|Customer Relationship Management|Project Management|Market Analysis|Presentation Skills|Analytical Skills|Communication|Interpersonal Skills|Organizational Skills	Problem Solving|Persuasion|Adaptability|Elevator Industry Knowledge|Cold Calling|Positive Attitude
Business Development Representative, Legal	outbound sales|CRM software|lead qualification|email outreach|communication|relationship building|problem solving|teamwork|initiative|legal sales	digital media marketing|social media advertising|cold calling|strategy sessions|content marketing|adaptability|creativity
Business Development Manager - US	CRM software|sales strategies|market research|project management|communication|problem solving|teamwork|adaptability	interpersonal skills|attention to detail|proactivity|integrity|carbon markets|renewable energy
Director Business Development Pharma - Plainsboro, NJ	technical marketing|technical sales|project management|presentation skills|business development|influence without authority|resiliency|self-motivation	networking|customer relationship management|team collaboration|pharmaceutical ingredients sales|cannabinoids knowledge
Business Development Staffing Executive	sales|communication|sense of urgency|decisiveness|self-starter|team collaboration|results-oriented|adaptability|account management	recruiting|client relationship management|sourcing|offer negotiation|staffing industry knowledge|creative thinking
Business Development Executive	sales|business development|market strategy|client relationship management|competitive analysis|communication|relationship building|motivation|problem solving	teamwork|cold calling|document management solutions|IT service capabilities|product knowledge|research
Business Development Executive	business development|sales|relationship building|strategic planning|logistics knowledge|market analysis|communication	critical thinking|interpersonal skills|goal-oriented|focus
Business Development Representative - First Aid & Safety	sales experience|data analysis|prospecting|presentation skills|customer service|teamwork|communication|independence	goal-oriented|relationship building|strategic thinking|Microsoft Office|cold calling|valid driver's license
Business Development Intern	lead generation|market research|customer service|Microsoft Office Suite|communication|analytical skills|teamwork|problem solving	time management|independence|blockchain|decentralized finance (DeFi)|event organization|attention to detail
Business Development Manager	business development|sales|lead generation|prospecting|team leadership|communication|online tools utilization|market familiarity	motivation|results-driven|relationship building|self-driven|competitive spirit|problem solving
Business Development Representative	sales techniques|event planning|communication|interpersonal skills|customer service|creativity|proactivity|results-oriented|negotiation|teamwork	time management|multitasking|CRM software|social media platforms|market research|data tracking and reporting
Director, Business Development	business development|sales strategy|negotiation|market analysis|revenue generation|data analysis|customer relationship management|contract management|communication|leadership|creativity|decisiveness	adaptability|team collaboration|problem solving|curiosity|persuasion|learning agility|digital signage|multi-channel marketing
Partner Business Development Manager, Samsung Mobility	business development|communication|relationship building|problem solving|initiative|IT sales|vendor management|data analysis|marketing programs|pipeline reporting	business intelligence|sales strategy|presentation skills|collaboration|adaptability|teamwork|time management
Business Development Representative	outbound prospecting|email communication|network development|pipeline growth|client relationship management|meeting scheduling|resilience|strategic thinking|enthusiasm|persistence|drive|coachability|telemarketing|social media outreach|credentialing	sales
Business Development Representative	lead generation|CRM software|digital marketing|outbound marketing|inbound marketing|sales strategies|data management|communication	interpersonal skills|self-motivation|organizational skills|time management|team collaboration|problem solving
Director, Business Development, Global Commercial Oncology	business development|financial modeling|P&L generation|project management|data analysis|revenue forecasting|communication|teamwork|problem solving|leadership|interpersonal skills|planning|collaboration|organizational skills|presentation skills	oncology|market assessment|clinical development|strategic planning|commercial diligence|licensing and acquisition|drug development process|adaptability|integrity|intellectual curiosity
Business Development Intern (Remote)	communication|presentation skills|relationship management|market research|proactivity|teamwork|adaptability|networking	customer service|cryptocurrency|trading|influencer marketing|affiliate marketing
Business Development Representative	sales|communication|time management|multi-tasking|urgency|adaptability|teamwork|relationship building|competitive spirit|CRM	cold calling|data entry|cyber security knowledge|web presentation tools|B2B sales|Salesforce.com
Business Development Executive - Omaha	sales experience|lead development|communication|relationship building|time management|problem solving	digital marketing|prospecting|closing leads|negotiation
Business Development Representative	B2B SaaS Sales|Sales Intelligence|Full Sales Cycle|Data-Driven|Multithreading Sales|Research Skills|Communication|Relationship Building|Listening Skills|Prioritization	Teamwork|Goal-Oriented|Problem Solving|Adaptability|HubSpot|Apollo.io
Business Development Executive BPO - Hi Tech/New Age	business development|sales management|negotiation|automation tools|contractual constructs|market analysis|customer relationship management|marketing collateral development|presentation skills|industry knowledge|interpersonal skills|relationship building|communication|leadership|teamwork|problem solving|adaptability|BPO|program management	consulting|delivery strategies|compliance requirements|data management|financial analysis|risk management|project management|performance management|flexibility|responsiveness|trustworthiness|stewardship
Business Development Representative	CRM|Sales|Outbound Sales|Market Research|Copywriting|Data Analysis|Communication|Team Collaboration|Organizational Skills|Self-Starter|Competitive Nature	Resourcefulness|Adaptability|Multitasking|Work Ethic|SaaS|HCM|Handling Rejection
{Direct Hire, Fulltime} OEM Business Development Manager (Remote)	sales|account management|customer relationship management|business development|CRM software (Salesforce.com)|Microsoft Office Suite (Word, Excel)|data analysis|communication|teamwork|problem solving|time management|organizational skills	interpersonal skills|resilience|curiosity|customer service orientation|negotiation|product knowledge|market analysis|assertiveness
Business Development Representative	Sales|Customer Service|B2B Technology Marketing|Event Management|Account Prospecting|Data Management|Communication|Problem Solving|Time Management|Collaboration	Credibility Establishment|Planning and Prioritization|Adaptability|Teamwork|CRM (SFDC)|Client Onboarding|Content Subscription Services
Business Development Manager	sales|business development|negotiation|market analysis|strategic planning|industry knowledge|client relationship management|revenue growth strategies	communication|interpersonal skills|teamwork|independence|persuasion
Remote Business Development Specialist	sales|communication|product presentations|virtual demonstrations|sales funnel management|record keeping|lead engagement|self-motivation	teamwork|adaptability|relationship building|goal-oriented|problem solving
Area Director Business Development	business development|account management|sales|market analysis|customer relationship management|Microsoft Office|healthcare sales|presentation skills|communication|problem solving|teamwork|organizational skills	time management|flexibility|leadership|discretion|judgment|mentoring|budget management|data analysis
Manager, Europe - Impact Investing (Business Development + Client Services)	business development|project management|client relationship management|people management|communication|collaboration|organizational skills|adaptability|impact investing|consulting	process improvement|technology tools integration|proposal drafting|mentorship|commitment to social outcomes|professional development
Business Development Director	market research|strategic planning|client relationship management|communication|negotiation|business acumen|analytical skills|sales|marketing|relationship building	team collaboration|results-oriented mindset|interpersonal skills|influencing skills|problem solving|adaptability|proposal development
Business Development Manager	Sales|CRM Software|Business Acumen|Communication|Problem Solving|Organization|Self-Starter|Customer Relationship Management|Oilfield Knowledge|Environmental Regulations Knowledge	Microsoft Excel|Microsoft Word|Microsoft PowerPoint|Technical Knowledge|Vapor Recovery Knowledge|Inquisitiveness|Travel Willingness
Business Development Representative	Salesforce|HubSpot|6sense|Ring Lead|Zoom Info|Seismic|Live Social|Email Nurture Automation|Data Enrichment Programs|CRM Solutions|Cold Calling|Lead Generation|Business Development|Marketing Programs	Social Media Management|Sales Enablement Software|Intent Predictive Models|Communication|Adaptability|Problem Solving|Teamwork|Time Management|Attention to Detail|Customer Focus
Business Development Manager	business development|mechanical engineering|client relationship management|presentation skills|negotiation skills|market analysis|sales forecasting|lead generation|communication|teamwork|problem solving|goal-oriented	adaptability|networking|customer service|time management|Microsoft Word|Microsoft Excel|construction estimating|prefabricated modules
Business Development Manager	sales strategies|Microsoft Office|market analysis|business development|relationship management|team leadership|product development|communication|networking|mentoring	problem solving|collaboration|adaptability|CRM software|government procurement processes|revenue targets
New Role! - $5M in Seed Funding! - Business Development Manager – 3PL Logistics/Warehousing Startup - $100k -$120k Base, Double OTE- Work From Home	business development|sales|MS Office proficiency|cold calling|presentation skills|customer relationship management|data analysis|self-starter|independent worker|communication|team collaboration|problem solving	adaptability|negotiation|customer focus|entrepreneurial mindset|time management|3PL services|CRM proficiency|territory management
Business Development Manager (Health & Life Sciences)	Business Development Strategies|Analytical Skills|Communication Skills|Leadership Skills|Collaboration|Time Management|Problem Solving|Independence|Adaptability	Microsoft Office Suite|Client Relationship Management (CRM) Software|Budget Management|Event Planning|Salesforce|Confidentiality
Vice President of Business Development	business development|sales|business planning|contract negotiation|account management|communication|presentation skills|talent advisory	bachelor's degree|leadership|strategic thinking|independence|executive search|MBA
Manager - Business Development - Sales (Located Virtual in CA - Sacramento, North Bay & Vacaville)	B2B Sales|Sales Strategies|Negotiation Skills|Market Research|Consultative Selling|Presentation Skills|Lead Prospecting|Interpersonal Skills|Communication Skills|Decision-Making|Organizational Skills|Self-Motivation	Flexibility|Team Collaboration|Relationship Building|Problem Solving|Executive Presence|Financial Acumen|Analytical Skills|Salesforce.com
Business Development Representative - PCA Skin & EltaMD - Hudson Valley	sales|business development|Microsoft Office|data analysis|customer service|product training|marketing|business acumen|competitive drive|communication|relationship building	resilience|creativity|teamwork|multi-tasking|CRM tools|presentation skills|territory management|entrepreneurial mindset
Sales and Business Development Leader	sales strategies|customer relationship management (CRM)|market analysis|budget preparation|Microsoft Office|data processing systems|cost accounting|leadership|sales practices and procedures|communication|initiative|accountability|professionalism	planning|organizational skills|teamwork|customer service|coaching|problem solving|production scheduling|proposal presentations|ERP systems
SVP Sales & Business Development	sales leadership|business development|negotiation|data analysis|revenue generation strategy|sales strategy development|performance management|market analysis|communication|strategic thinking|team collaboration|client relationship management	time management|coaching and mentoring|adaptability|problem solving|influence|results-oriented|CRM systems|sales training
Business Development Associate	lead generation|sales closing|account management|presentation skills|coaching|industry knowledge|communication|teamwork|problem solving	networking|relationship building|adaptability|CRM proficiency|time management|salesforce
Business Development Representative	prospecting|communication|interpersonal skills|self-motivation|adaptability|team collaboration|problem solving	lead generation|CRM (HubSpot)|sales strategy|data analysis|SaaS knowledge
Business Development Representative	sales development|business development|data analysis|project management|communication tools (phone, email, LinkedIn)|software/tech industry experience|sales methodology|interpersonal skills|verbal communication|written communication	organizational skills|self-motivation|adaptability|pressure handling|analytical thinking|team collaboration|big data ecosystem
Business Development Manager	lead generation|business development|CRM (Salesforce)|Microsoft PowerPoint|proposal writing|account management|communication|relationship building|teamwork|presentation skills|sales forecasting|Microsoft Excel|Microsoft Word|analytical skills|market research|problem solving|time management|adaptability|curiosity|self-motivation	empathy
Business Development Manager	business development|project management|client account management|sales tactics|recruitment|profit management|business degree|leadership|relationship building|self-discipline	team management|coaching|results-oriented|communication|problem solving|engineering
Business Development Representative	B2B Sales|Cold Calling|Lead Generation|Prospecting|Salesforce.com|Microsoft Suite|Excel|Communication|Project Management	Sales Minded|Collaboration|Organizational Skills|CRM Tools|Competitive Personality|Forecasting
Business Development Representative	B2B Sales|Consultative Selling|Account Management|Empathy|Motivation|Communication	Teamwork|Adaptability|Problem Solving|Sales Training
Associate, Corporate Business Development	market research|analytical skills|negotiation skills|presentation skills|SaaS knowledge|collaboration|communication|entrepreneurial mindset|adaptability|relationship building	problem solving|financial modeling|business valuation|M&A modeling|business case development|due diligence
Business Development Manager	business development|client account management|project management|sales tactics|recruitment|profitability management|team management|engineering knowledge|business knowledge|leadership|relationship building	self-discipline|consistency|coaching|communication|problem solving|results-oriented|multidisciplinary teamwork
Business Development Manager - Automotive F&I	sales processes|data analysis|reporting tools|performance metrics|problem solving|customer service|relationship management|strategic thinking|finance and insurance|customer loyalty programs|automotive compliance|training and development|adaptability|time management	income development|negotiating skills|communication|team building|leadership|accountability
Marketing & Business Development Intern	market research|CRM software|data analysis|Salesforce|content creation|report generation|time management|multi-tasking|communication	networking|social media management|copy-editing|graphic design|Sprout Social|attention to detail
Business Development Manager	business strategy|sales experience|communication|team collaboration|problem solving|adaptability|customer relationship management|strategic thinking	data analysis|RFP preparation|profitability analysis|Microsoft Office Suite|food distribution knowledge|valid driver's license
Sales Representative/Business Development Representative - B2B (Entry Level)	sales|lead generation|Microsoft Office Suite|territory management|communication|teamwork|problem solving	organizational skills|time management|self-motivation|responsibility|lift truck operation
Business Development Manager	sales|communication|customer service|teamwork|proactivity|problem solving|listening skills|bilingual communication|relationship building|negotiation	Microsoft Office|sales pipeline management|contract understanding|presentation skills|retail industry knowledge|adaptability|assertiveness
Business Development Associate – Acquisitions	sales|lead generation|communication|interpersonal skills|relationship building|motivation|time management|team collaboration	adaptability|prospecting|CRM|research methods|M&A knowledge|Salesforce
Business Development Manager, Caribbean and Latin America (Spanish speaking)	technology sales|sales strategy development|pipeline management|data analysis|relationship building|account management|self-motivation|results-driven|collaboration|time management|communication	problem solving|analytical thinking|adaptability|SaaS sales|public speaking|hospitality industry knowledge|humility|passion for food
Entry-Level Business Development Representative {$72K OTE}	Sales|Business Development|Data Entry|Communication|Customer Excellence|Self-Motivation|Attention to Detail|Problem Solving	Creativity|Teamwork|Salesforce|Research|Pipeline Management
Director of Business Development	business development|team management|sales development|training and development|technical understanding|solution presentation|leadership	communication|problem solving|adaptability|collaboration
Senior New Business Development Executive	IT staffing|business development|Microsoft Office Suite|sales strategy|data tracking|negotiation|communication|relationship building|self-motivation|teamwork	time management|problem solving|attention to detail|competitive mindset|CRM software|Google Suite
Business Development	Microsoft Office Suite|Marketing|Data Analysis|Documentation|Report Generation|Community Engagement|Relationship Management|Problem Solving	Communication|Adaptability|Independent Thinking|Detail Oriented|Decision Making|Team Collaboration
Business Development Manager	sales|customer service|communication|teamwork|relationship building|problem solving|adaptability|Microsoft Word	Microsoft Excel|Microsoft Outlook|social media|cold-calling|database sourcing|online research
Business Development Representative	CRM software|sales strategy|research methods|communication|interpersonal skills|problem solving|self-motivation	target-driven|cold calling|lead qualification|negotiation
Business Development (1+ years sales exp req)	sales|CRM|Microsoft Office Suite|prospecting|account management|presentations|customer service|project management|communication|client nurturing	time management|adaptability|relationship building|problem solving|teamwork|self-motivation|sales proposals
Business Development Manager	business development|sales strategy|Salesforce|negotiation|presentation skills|customer relationship management|market analysis|revenue generation|lead generation|communication|teamwork|critical thinking	decision making|problem solving|adaptability|listening|networking|creativity|integrity|Microsoft Office
Sr Business Development Executive	sales|business development|market intelligence|customer experience|data analysis|communication|problem solving|teamwork|relationship building|adaptability|influencing|logical analysis	discipline|creativity|negotiation|contracting|pipeline management|CRM (Salesforce)|BPO|curiosity
Sales Representative Business Development, Business Broker	sales support|marketing|finance|lead generation|communication|self-motivation|detail-oriented|negotiation	relationship building|problem solving|business brokerage|accounting|commercial real estate
Business Development Manager	CRM software|Microsoft Office|Business development|Customer service|Relationship building|Problem solving|Analytical skills	Communication|Attention to detail|Time management|Construction management|Technical support
Business Development Manager	business development|sales|communication|market analysis|data analysis (subsurface and wells)|self-motivation|results-driven|trend awareness|networking|proposal development	customer service|industry expertise (oil and gas)|relationship building|collaboration|adaptability|customer-centric mindset
IT Business Development Representative (MSP)	Consultative selling techniques|Proposal preparation and presentation|Client relationship management|Networking|Relationship building|Communication|Problem solving|Teamwork|Adaptability|IT solutions sales|Managed Service Provider (MSP) experience	Microsoft stack knowledge|Windows OS|Azure|O365|Cisco products|Windows servers|Security solutions|Negotiation
New Business Development Manager	business operations|customer relationship management|sales|communication|leadership|organization|time management|networking|team building	coachable|people skills|positive attitude|enthusiasm for development|logistics|financial analysis
Business Development Manager	business development|sales|market research|customer relationship management|product development|presentation skills|communication|teamwork|creativity|proactivity|problem solving|motivation|adaptability	time management|interpersonal skills|negotiation|engineering|metallurgy|data analysis|technical knowledge|lead tracking
Senior Business Development Manager – Contracted Solutions Strategy	data analysis|customer relationship management|communication|teamwork|organizational skills|presentation skills|problem solving|adaptability to technology|customer focus|market research|pricing strategies|telematics|insurance experience	analytical skills|product management|MS Excel|PowerPoint|predictive AI|warranty experience
Sale & Business Development Manager	sales strategy development|account management|market analysis|marketing strategy|recruitment|customer relationship management|data analysis|communication|leadership|problem solving|strategic thinking	team collaboration|adaptability|negotiation|analytical thinking|financial analysis|product knowledge (polymers)|budget management
Business Development Manager (Remote)	CRM systems|SEO|Digital marketing|Web development|Sales growth techniques|Financial techniques|Sales contracts review|Business development|Relationship building|Project management	People management|Organizational skills|Problem-solving|Communication|Negotiation|Networking|Enthusiasm
Business Development Manager	sales|marketing|customer relationship management|data management|software proficiency|contract negotiation|communication|relationship building|leadership|customer-centric mindset	innovation|team collaboration|problem solving|time management|hospitality|property management systems|real estate knowledge
Business Development Associate	business development|client relationship management|data analysis|financial strategy|marketing|communication|team collaboration|problem solving	motivation|adaptability|strategic thinking|customer service|insurance licensing|investment licensing
Business Development Manager	business development|project management|teamwork|negotiation|media industry knowledge|digital media platforms|AVOD|TVOD|SVOD|technical understanding	cross-functional collaboration|communication|critical thinking|problem solving|adaptability|presentation skills
Manager/Senior Manager, Strategic Partnerships & Business Development	business development|stakeholder management|CRM|communication|problem solving|adaptability|relationship building|strategic partnerships|financial analysis|product knowledge|negotiation|agile methodologies|data analysis|presentation skills|project management|product roadmap development|technology integration|public speaking|strategic thinking	leadership|collaboration|organizational skills|visual storytelling
Business Development Representative	sales development|cold-calling|prospecting|data analysis|communication|adaptability|motivation|organizational skills|attention to detail|curiosity	teamwork|coaching|feedback|Salesforce|Outreach|Apollo.io|G-Suite
Business Development Manager	business development|sales|contract negotiation|marketing|presentation skills|project management|relationship management|communication|organizational skills|tenacity|competitive drive|adaptability|problem solving|teamwork	customer engagement|CRM software|MS Office (Word, Excel, PowerPoint, Outlook, OneNote)|technical solution sales|general construction knowledge|earth retention systems|ground improvement systems|soil stabilization|settlement control
Cardiology Business Development Representative	sales|account development|project management|business development|cross-functional collaboration|communication|relationship building|problem solving|self-motivation|work ethic|teamwork	customer focus|adaptability|clinical proficiency|customer education|medical technology explanation|CRM software (Salesforce.com)|cardiac patient pathways knowledge
Business Development Representative	lead generation|email outreach|sales pipeline management|relationship building|communication tools|communication|time management|problem solving|influencing skills|teamwork|adaptability	self-motivation|negotiation|networking|SaaS|cold calling|appointment setting|product demonstration|online research
Community Outreach Business Development Manager	sales|community outreach|lead generation|data analysis|marketing|HIPAA knowledge|presentation skills|business development|communication|relationship building|critical thinking	problem solving|team collaboration|decision making|creativity|adaptability|MS Office|CRM systems
Business Development Manager - Utility Billing Software - Remote	business development|marketing|finance|MS Office Suite|databases|customer relationship management|prospecting|presentation skills|closing sales|communication|organization|multi-tasking|independence|relationship building|problem solving|utility billing software|engineering	sales
Director Of Business Development	business development|contract negotiation|sales strategies|lead generation|account management|client presentations|strategic prospecting|sales pipeline management|communication|time management|organizational skills|teamwork|networking	relationship building|independence|detail-oriented|strategic thinking|problem solving|CRM|clinical research|IRB|IBC
Business Development Manager	face-to-face selling|sales target achievement|product training|technical presentation|lead generation|relationship management|communication|teamwork|self-motivation|adaptability|customer-centric approach|problem-solving	initiative|honesty|enthusiasm|willingness to learn|construction materials knowledge|specification sales|KPI reporting|market insight analysis
Business Development Specialist	cold calling|email communication|scheduling|positive outlook|flexibility	typing|remote work
Sr. Business Development Manager, Amazon Air	sales strategy|data analysis|project management|stakeholder management|problem solving|leadership|communication|collaboration|interpersonal skills|creativity|organizational skills|time management|empathy|motivation|negotiation|CRM tools|air cargo logistics|program strategy	business development|analytical skills|influence
Business Development Center Representative	customer service|communication|teamwork|problem solving|adaptability	
Business Development Manager - Dallas/Fort Worth	Sales|Business Development|Strategic Selling|Budget Management|Communication|Persuasion|Independence|Team Coordination|Customer Service|Problem Solving|Networking|Presentation Skills|CRM (Salesforce)|Market Analysis|Analytical Thinking|Mechanical Aptitude|B2B Sales|Product Knowledge (Swimming Pool Equipment)	Forecasting|Cold Calling|Automated Control Systems|Basic Electricity|Plumbing Hydraulics|Water Chemistry|Electronic Chlorine Generation|Solar Heaters|Gas Heaters|Electric Heaters|Time Management|Adaptability
Business Development Center Representative	phone etiquette|customer service|sales experience|communication|interpersonal skills	ability to work in a fast-paced environment|customer satisfaction focus|automotive industry knowledge
New Business Development Representative	sales|networking|prospecting|account management|marketing campaigns|staffing experience|self-motivated|problem solving|communication|relationship building|results oriented|adaptability	teamwork|training|CRM software|MS Office 365|data analysis|aviation industry knowledge|listening skills|transparency
Enterprise Business Development Representative	Communication|Self-Motivation|Collaboration|Growth Mindset|Ownership|Adaptability|Salesforce|Outreach	SaaS|Social Selling|Omni-channel Prospecting|Video Prospecting|Email Crafting
Coordinator - Business Development (NY)	PowerPoint|Excel|Word|Salesforce|Market Research|CRM Systems|Presentation Production|Contract Drafting|Communication|Organization|Detail-oriented	Creativity|Initiative|Collaboration|Assertiveness|Resourcefulness|Teamwork|Bloomberg|Compliance Checks
Vice President of Business Development	business development|sales|healthcare knowledge|digital advertising technology|consultative selling|market analysis|strategic partnerships|customer experience|leadership|strategic thinking|communication|problem solving|results-driven mentality|adaptability	collaboration|positive attitude|customer relationship management (Salesforce)|data onboarding|compliance knowledge|programmatic media|martech|product development|empathy|assertiveness
Business Development Representative	sales experience|computer skills|communication|analytical skills|organizational skills	attention to detail|willingness to learn|medical knowledge
Engineering Business Development Specialist Intern	Microsoft Word|Microsoft Excel|Microsoft PowerPoint|contract analysis|communication|organizational skills|attention to detail|team collaboration	problem solving|adaptability|data analysis|data entry|business analysis
Business Development (Sales) Manager	CRM|Market Intelligence|Sales Negotiation|Client Proposal Development|Data Analysis|Communication|Networking|Self-Motivation	Presentation Skills|Client Relationship Management|Team Collaboration|Problem Solving|CGMP API Manufacturing Knowledge|Bachelor’s Degree in Chemistry/Biology/Engineering
Sr VP of Business Development - Solar	business development|leadership|communication|team collaboration|problem solving|sales management|renewable energy|solar power generation|battery storage|CRM management|food processing	cold storage|project management|territory planning|strategic planning|negotiation|customer relationship management|adaptability
Business Development Associate	sales analytics|market research|CRM software|Microsoft Office|sales strategies|customer database analysis|sales pitches|communication|negotiation	collaboration|customer service|problem solving|relationship building|positive attitude|decision making
Business Development Executive	sales|business development|project management|customer relationship management|communication|interpersonal skills|collaboration|problem solving|initiative|time management|decision making|adaptability|persuasiveness	market research|structural steel knowledge|Microsoft Word|Microsoft Excel|Microsoft PowerPoint|contract negotiation|estimating|attention to detail
Business Development - Refined Sugars/Liquid Sugar/Beverage ONLY	sales|business development|relationship building|creativity|organization|communication|problem solving	market research|liquid sugar knowledge|sugar refining knowledge|food science knowledge|chemical knowledge
Vice President of Business Development	business development|sales|CRM platforms|client success|communication|collaboration|emotional intelligence|proactivity|relationship building|strategic thinking|teamwork	intellectual curiosity|adaptability|pipeline management|market research|partnership development|data analytics|healthcare knowledge|contract negotiation
Business Development Associate	sales strategies|business development|stakeholder engagement|communication|collaboration|organizational skills|problem solving|facilitation|teamwork|strategic thinking	relationship building|proposal development|grant writing|project management|fundraising methods|content development
Vice President of Business Development and Sales Organization - Marketing Agency	strategic leadership|data analysis|market research|brand enhancement|lead generation|presentation skills|organizational skills|communication|negotiation|team leadership|collaboration|problem solving|adaptability|creativity|time management	digital marketing|search engine marketing|social media marketing|lifecycle marketing|programmatic advertising|website development|KPI setting|proposal management|budget allocation|public relations
Business Development Manager (Seattle or Portland)	sales|communication|proactive|self-motivated|team player|relationship building|enthusiasm|adaptability|CRM	Microsoft Dynamics AX|Microsoft Word|Microsoft Excel|market analysis|proposal development|technical experience
Business Development Representative / Phila., PA Area	business development|customer relationship management (CRM)|healthcare knowledge|community outreach|account management|communication|relationship building|organizational skills|multitasking|professionalism|problem solving|self-motivation	team collaboration|adaptability|confidentiality|marketing|data analysis|report preparation|flexible hours|automobile operation
Business Development Representative	Communication|Interpersonal Skills|Organizational Skills|Time Management|Adaptability|Initiative|Commitment|Professionalism|Teamwork|Strategic Sales Approach|Salesforce|LinkedIn Sales Navigator|G-Suite|Active Listening|Curiosity|Grit|Enthusiasm for Ecommerce	Salesloft|SimilarWeb|Chili Piper|6sense
Business Development Manager - Private Equity	consultative selling|sales process deployment|CRM tool usage|project management|data analysis|market research|relationship management|networking|teamwork|problem solving|strategic thinking|attention to detail|time management|multi-tasking|leadership|collaboration|private equity knowledge|presentation skills	communication|organizational skills
Inside Business Development Manager	sales|business development|Salesforce|financial services|communication|interpersonal skills	relationship building|market research|healthcare industry|bilingual (Spanish)
Sr. Inside Business Development Manager (Hybrid)	sales experience|business development|product knowledge|time management|communication|teamwork|adaptability|problem solving|self-management|organization|collaboration|motivation|CRM software|presentation skills	medical terminology|inside sales|Microsoft Office|customer service
Vice President, Business Development - B2B Sales	B2B Sales|Sales Strategy Development|Contract Negotiation|Customer Acquisition|Market Analysis|Client Presentations|Communication Skills|Interpersonal Skills|Teamwork|Analytical Thinking|Attention to Detail|Proactive Attitude|Networking|Customer Satisfaction Focus	Strategic Thinking|Passion for Sales|Sales Reporting|Digital Transformation Knowledge|CRM Systems (Salesforce)|E-commerce Customer Support Management|Process Transformation (Lean, Six Sigma, RPA)|Pricing Management|Analytics and Spend Analysis|Cloud Sales
Business Development Intern	market research|lead generation|data analysis|proposal development|CRM software|communication|analytical skills	problem solving|teamwork|proactive|self-motivated|Microsoft Office Suite
Manager, Partner Strategy and Business Development	partner management|executive communication|data analysis|project management|financial analysis|market analysis|leadership|team collaboration|problem solving|accountability|adaptability|customer focus|facilitation|creativity|negotiation|SaaS	business development|strategy|presentation skills|influence
Business Development Manager - Work Remotely	sales|marketing|communication|training|self-motivation|initiative|positive attitude	relationship building|adaptability|personal development|remote work
Director of Business Development	business development|relationship building|communication|problem solving|networking|leadership|market analysis|proposal writing|Microsoft Office Suite	Microsoft Teams|Deltek Vision|strategic planning|creativity|team collaboration|presentation skills
Business Development Manager - Litigation	legal marketing|analytical skills|competitive intelligence|communication|teamwork|strategic thinking|creativity|resilience|consultative working style|CRM software|marketing databases|budget management|event management	business development|project management|independent judgment|interpersonal skills|time management
Business Development Manager (Industrial) - Toronto, Ontario - Canada	Sales Strategy|Business Development|Microsoft Office Suite|Presentation Skills|Communication|Relationship Building|Team Leadership|Self-Motivation|Problem Solving|Adaptability|Organizational Skills|Customer Service Orientation	Strategic Thinking|Positive Attitude|Technical Specifications|CRM Software|SAP|Salesforce|Data Analysis|Market Analysis
Business Development Manager	real estate|sales|CRM management|customer service|business development|real estate license|relationship building|market analysis|communication|responsiveness	fast learning|self-direction|teamwork|problem solving|adaptability|property management|listening
Business Development Representative	Salesforce|Communication|Teamwork|Relationship building|Goal-oriented|Time management|Self-motivation	Problem solving|Adaptability|Loan applications|Commercial lines of credit
Exciting Opportunity Alert! Business Development Manager	business development|strategic planning|market analysis|sales targets achievement|client relationship management|negotiation|bachelor's degree in business administration	communication|team collaboration|results-oriented mindset|adaptability|problem solving
Business Development Manager - Power Generation	business development|sales enablement|project management|market analysis|strategic planning|financial performance monitoring|customer relationship management|data analysis|communication|teamwork|problem solving|leadership|negotiation	adaptability|strategic thinking|relationship building|collaboration|initiative|channel management|commercial business models|demand creation campaigns|oil and gas industry knowledge
Business Development Assistant	MS Office|Data Entry|Budgeting|Expense Reporting|PowerPoint|Time Management|Communication|Teamwork|Event Planning|Logistical Assistance|Proofreading	Editing|Client Engagement|CRM Management Software|Adobe Photoshop|Chrome River|Microsoft SharePoint|Transaction/Private Fund Platforms|Research
Business Development Specialist	business development|financial analysis|communication|customer service|relationship building|problem solving|adaptability|teamwork|dedication|sales strategies|customer relationship management|engineering drawings	automation|market analysis|negotiation|project delivery strategy|networking|independence|research|ownership
Business Development Manager	business development|sales|account management|negotiation|financial analysis|sales planning|B2B sales|presentation skills|customer relationship management|budget monitoring|marketing|communication|interpersonal skills	problem solving|teamwork|independence|adaptability|entrepreneurial mindset|relationship building|passion for selling|cold calling
Business Development Manager	business development|client account management|project management|recruitment|team management|business knowledge|leadership|relationship building|self-discipline|communication|problem solving	multidisciplinary teamwork|results-oriented|sales tactics|profitability management|engineering knowledge|consistency|coaching
Business Development Representative	sales|presentation skills|budget management|customer relationship management|marketing knowledge|communication|interpersonal skills|problem solving|teamwork|relationship building|adaptability	account management|negotiation|logistics knowledge|cold calling|financial analysis|independence|entrepreneurial mindset
Business Development Representative	CRM|Sales Calls|LinkedIn|Communication|Teamwork|Problem Solving|Determination|Focus|Tenacity|Resiliency|Collaboration	Creativity|Ambition|SaaS|Market Research|Email Marketing|ZoomInfo|HubSpot
New Business Development Representative	sales|customer service|presentation skills|technical aptitude|Microsoft Office|lead generation|mechanical aptitude|data analysis|self-motivation|communication|relationship building|teamwork	flexibility|problem solving|time management|SAP|Sirius|equipment rental|air compressor knowledge|air dryer technology
VP, Business Development and Strategic Partnerships	business development|strategic partnerships|negotiation|market analysis|financial analysis|project management|cross-functional collaboration|customer relationship management|data analysis|marketing|sales|strategic thinking|communication|interpersonal skills	team collaboration|problem solving|results-oriented mindset|independence|influence|flexibility|leadership|AI|computer vision|MBA
Business Development Manager	B2B Sales|Lead Generation|Consultative Selling|Market Analysis|Territory Management|Service-oriented Solutions|Financial Management|Communication|Relationship Building|Results Driven|Personal Effectiveness|Ethical Conduct	Collaboration|Problem Solving|Networking|Trustworthiness|Urgency|Salesforce|CRM Tools|Staffing Solutions
Business Development Consultant	sales|CRM|financial analysis|marketing lead generation|customer experience|communication|relationship development|problem solving	teamwork|adaptability|time management|negotiation|Salesforce.com|territory growth planning
Business Development Representative	CRM Tools|Salesforce.com|Collaboration|Communication|Problem Solving|Adaptability|Critical Thinking|Creativity	Customer Focus|Judgment|Social Media Campaigns|Data Analysis|Cybersecurity Knowledge
Business Development Manager	Technical Sales|Sales Process Management|Customer Relationship Management|Engineering or Technical Discipline|Strategic Thinking|Analytic Capability|Relationship Building|Organizational Influencing|Communication|Problem Solving|Collaboration	Adaptability|B2B Sales|Market Intelligence|Mechanical Components Knowledge|Semiconductor Industry Knowledge|Blueprint Reading|Digital Marketing
Head of Business Development & Investor Relations	market analysis|performance analysis|business development|presentation skills|content development|communication|interpersonal skills|attention to detail|process-driven approach|cultural acumen|trust building|listening skills|responsibility	adaptability|capital raising|investor relations|CRM management|investment strategy|legal negotiation|multilingual proficiency|intellectual curiosity
Business Development Representative	sales|lead generation|customer relationship management|CRM software|business development|communication|interpersonal skills	negotiation|independent work|collaborative work|tobacco industry knowledge
Intern - Business Development	MS Office Suite|PowerPoint|Excel|reporting|communication|teamwork|problem solving|analytical thinking|strategic thinking|attention to detail	interpersonal skills|time management|market analysis|competitive assessments|policy research|technology trends identification
Business Development Representative	Collaboration|Communication|Problem Solving|Creativity|Critical Thinking|Customer Focus|CRM Tools	Salesforce.com|Social Media Campaigns|Data Analysis|Cybersecurity Solutions|Adaptability
Enterprise Business Development Representative - US	Salesforce|data analysis|lead generation|communication|team collaboration|client-centric approach|analytical skills|organizational skills|self-starter	multitasking|generative AI|semantic search|machine learning|HubSpot|SaaS market knowledge
Senior Director Business Development	business development|sales|corporate strategy|performance metrics|technical platforms|proposal creation|market analysis|relationship management|strategic partnerships|communication|presentation skills|organization|planning	prioritization|attention to detail|conflict resolution|team collaboration|corporate development|trailer production|gaming industry knowledge|game engines|passion for gaming
Global Business Development Partner - 100% Remote	strategic marketing|business development|team building|self-motivation|ambition|leadership|mentoring|training|personal growth commitment|independence	advertising|branding|online event engagement|computer proficiency|internet connectivity|passion for helping others